url,team,contingent,sport,FinalPosition
https://cg2019.gems.pro/Result/ShowTeam.aspx?Team_GUID=30197789-d302-469c-8261-4eec8ab21aaf&SetLanguage=en-CA,AB,Alberta,Curling Female,5
https://cg2019.gems.pro/Result/ShowTeam.aspx?Team_GUID=dbdc74ff-5c9c-41a1-8499-2e809a5f336c&SetLanguage=en-CA,AB,Alberta,Gymnastics Trampoline - Team Mix,Silver
https://cg2019.gems.pro/Result/ShowTeam.aspx?Team_GUID=7fd8b55c-91a9-4eb1-b359-33bd07fbffa2&SetLanguage=en-CA,AB,Alberta,Table Tennis Team Male,5
https://cg2019.gems.pro/Result/ShowTeam.aspx?Team_GUID=e50e8f33-91bb-4d40-803c-67cba83c0e91&SetLanguage=en-CA,AB,Alberta,Squash Team Competition Male,Bronze
https://cg2019.gems.pro/Result/ShowTeam.aspx?Team_GUID=06a634c6-4573-4c78-bfc7-802bf1488f38&SetLanguage=en-CA,AB,Alberta,Table Tennis Team Female,4
https://cg2019.gems.pro/Result/ShowTeam.aspx?Team_GUID=103c02e2-2589-4d0c-b185-798c2bbd4ec2&SetLanguage=en-CA,AB,Alberta,Ringette Female,7
https://cg2019.gems.pro/Result/ShowTeam.aspx?Team_GUID=d61e4b76-a8cc-47da-82dd-50317b92aa51&SetLanguage=en-CA,AB,Alberta,Speed Skating Long Track - Team Pursuit Female,Silver
https://cg2019.gems.pro/Result/ShowTeam.aspx?Team_GUID=b08f7096-6171-413c-8145-3d203426e136&SetLanguage=en-CA,AB,Alberta,Table Tennis Doubles Male,4
https://cg2019.gems.pro/Result/ShowTeam.aspx?Team_GUID=1fb28d1c-0606-4f17-a49c-6f3efd7b41fd&SetLanguage=en-CA,AB,Alberta,Archery Recurve - Team Mix,4
https://cg2019.gems.pro/Result/ShowTeam.aspx?Team_GUID=7f57574d-d12d-454c-9ec0-270857d7c682&SetLanguage=en-CA,AB,Alberta,Speed Skating Short Track - Team Relay Female,Silver
https://cg2019.gems.pro/Result/ShowTeam.aspx?Team_GUID=6e83625b-5b6f-4c12-a635-8aadf148e5ea&SetLanguage=en-CA,AB,Alberta,Gymnastics Artistic - Team Event Male,7
https://cg2019.gems.pro/Result/ShowTeam.aspx?Team_GUID=3ba5e588-bacc-4d79-87dc-742c428b8071&SetLanguage=en-CA,AB,Alberta,Table Tennis Doubles Female,4
https://cg2019.gems.pro/Result/ShowTeam.aspx?Team_GUID=eab9bd53-1d8b-4309-a946-4d7a818c7950&SetLanguage=en-CA,AB,Alberta,Biathlon 3 x 6 km Relay Female,Gold
https://cg2019.gems.pro/Result/ShowTeam.aspx?Team_GUID=fcc31eaa-bc4b-4e7c-a625-88bd67781dea&SetLanguage=en-CA,AB,Alberta,Gymnastics Trampoline - Synchro Female,6
https://cg2019.gems.pro/Result/ShowTeam.aspx?Team_GUID=816639e0-4c0d-4d3e-9af1-1b9fc2c4cf79&SetLanguage=en-CA,AB,Alberta,Wheelchair Basketball Mix,Gold
https://cg2019.gems.pro/Result/ShowTeam.aspx?Team_GUID=4a07451b-36cb-478f-9841-77b80f6d108c&SetLanguage=en-CA,AB,Alberta,Biathlon 3 x 7.5 km Relay Male,Silver
https://cg2019.gems.pro/Result/ShowTeam.aspx?Team_GUID=d2643d9f-6d91-49ee-9dda-0ba3e5397361&SetLanguage=en-CA,AB,Alberta,Artistic Swimming Team Female,Gold
https://cg2019.gems.pro/Result/ShowTeam.aspx?Team_GUID=a9cdca53-e955-4a73-a753-0120426aa6c9&SetLanguage=en-CA,AB,Alberta,Hockey Female,Gold
https://cg2019.gems.pro/Result/ShowTeam.aspx?Team_GUID=0e01a6db-28ea-4209-b491-7561ad9ffecf&SetLanguage=en-CA,AB,Alberta,Badminton Team Competition Mix,Gold
https://cg2019.gems.pro/Result/ShowTeam.aspx?Team_GUID=b54acf3d-f8c9-4bf6-afee-78e357a3b211&SetLanguage=en-CA,AB,Alberta,Hockey Male,Bronze
https://cg2019.gems.pro/Result/ShowTeam.aspx?Team_GUID=94fb522c-e346-4334-9e02-63f93217aaa8&SetLanguage=en-CA,AB,Alberta,Judo Team Competition Female,Gold
https://cg2019.gems.pro/Result/ShowTeam.aspx?Team_GUID=3f2d3395-9fc2-466c-aeef-5542c5ddedc6&SetLanguage=en-CA,AB,Alberta,Squash Team Competition Female,Bronze
https://cg2019.gems.pro/Result/ShowTeam.aspx?Team_GUID=8ade0b1d-0d89-4d7c-8c2a-949a70c122bb&SetLanguage=en-CA,AB,Alberta,Archery Compound - Team Mix,6
https://cg2019.gems.pro/Result/ShowTeam.aspx?Team_GUID=5967bfb2-58aa-438a-b0c6-c590887cafdb&SetLanguage=en-CA,AB,Alberta,Judo Team Competition Male,Bronze
https://cg2019.gems.pro/Result/ShowTeam.aspx?Team_GUID=236010c5-2c4a-479a-b738-ae5bb489b215&SetLanguage=en-CA,AB,Alberta,Curling Male,5
https://cg2019.gems.pro/Result/ShowTeam.aspx?Team_GUID=47cbd130-ff17-4d37-9f90-dfed186f48cc&SetLanguage=en-CA,AB,Alberta,Gymnastics Artistic - Team Event Female,Bronze
https://cg2019.gems.pro/Result/ShowTeam.aspx?Team_GUID=d31615c5-a68b-4a36-aaf4-f38b4d35ea23&SetLanguage=en-CA,AB,Alberta,Table Tennis Doubles Mix,Bronze
https://cg2019.gems.pro/Result/ShowTeam.aspx?Team_GUID=770ecbda-950d-4264-b83f-a5b920ddffbf&SetLanguage=en-CA,AB,Alberta,Gymnastics Trampoline - Synchro Male,4
https://cg2019.gems.pro/Result/ShowTeam.aspx?Team_GUID=91338970-a750-4e41-ba43-e3b3d664686d&SetLanguage=en-CA,AB,Alberta,Speed Skating Short Track - Team Relay Male,Silver
https://cg2019.gems.pro/Result/ShowTeam.aspx?Team_GUID=06c018b5-4259-4053-93a8-313fb0fd739b&SetLanguage=en-CA,Aylesworth/Lambert-Wilson,British Columbia,Artistic Swimming Duet Female,13
https://cg2019.gems.pro/Result/ShowTeam.aspx?Team_GUID=1d417bdb-d89b-4e1c-a9bb-4600c26eac18&SetLanguage=en-CA,Baker/Beach,Newfoundland and Labrador,Artistic Swimming Duet Female,8
https://cg2019.gems.pro/Result/ShowTeam.aspx?Team_GUID=d5c9d47d-55bc-44e6-a04d-98588c477577&SetLanguage=en-CA,Au/Knickle,Yukon,Badminton Doubles Male,9
https://cg2019.gems.pro/Result/ShowTeam.aspx?Team_GUID=6e2caead-a02f-4d4e-b72b-c83b1b4727b1&SetLanguage=en-CA,AB,Alberta,Speed Skating Long Track - Team Pursuit Male,Gold
https://cg2019.gems.pro/Result/ShowTeam.aspx?Team_GUID=d2dfde4e-3753-4f06-ad4e-2e3ec4f670ae&SetLanguage=en-CA,BC,British Columbia,Table Tennis Doubles Male,Silver
https://cg2019.gems.pro/Result/ShowTeam.aspx?Team_GUID=293e6863-c874-4e84-94df-233eface2fd0&SetLanguage=en-CA,Arseneault/GIllies,New Brunswick,Badminton Doubles Female,5
https://cg2019.gems.pro/Result/ShowTeam.aspx?Team_GUID=619a6ac8-a48d-48d8-a07f-0585338b422a&SetLanguage=en-CA,AB-A,Alberta,Cross Country Skiing Relay Mix,Bronze
https://cg2019.gems.pro/Result/ShowTeam.aspx?Team_GUID=c0f30d42-f426-4f5e-987a-1625435a1809&SetLanguage=en-CA,Bauer/Lee,Alberta,Badminton Doubles Male,Gold
https://cg2019.gems.pro/Result/ShowTeam.aspx?Team_GUID=02873632-e3ef-46a8-94e9-bcdf69bd7caa&SetLanguage=en-CA,Ashevak/Kilabuk,Nunavut,Badminton Doubles Female,9
https://cg2019.gems.pro/Result/ShowTeam.aspx?Team_GUID=9443e56e-05e1-4824-bd53-20ceca911668&SetLanguage=en-CA,AB-B,Alberta,Cross Country Skiing Relay Mix,7
https://cg2019.gems.pro/Result/ShowTeam.aspx?Team_GUID=d005442e-7361-4d40-b366-1a6c98b044e7&SetLanguage=en-CA,BC,British Columbia,Biathlon 3 x 6 km Relay Female,Bronze
https://cg2019.gems.pro/Result/ShowTeam.aspx?Team_GUID=c43b61bf-45f8-479e-bbc8-0433f471276e&SetLanguage=en-CA,BC,British Columbia,Archery Compound - Team Mix,8
https://cg2019.gems.pro/Result/ShowTeam.aspx?Team_GUID=02cc9d24-fc37-4d68-bd74-12b7a1a643d5&SetLanguage=en-CA,BC,British Columbia,Gymnastics Trampoline - Synchro Male,6
https://cg2019.gems.pro/Result/ShowTeam.aspx?Team_GUID=a90fee6a-f69c-4e7b-b0cc-0c96ae20c5cb&SetLanguage=en-CA,BC,British Columbia,Table Tennis Team Male,Bronze
https://cg2019.gems.pro/Result/ShowTeam.aspx?Team_GUID=bcac90a4-a956-4aed-b58f-395d49959c20&SetLanguage=en-CA,BC,British Columbia,Speed Skating Long Track - Team Pursuit Female,Bronze
https://cg2019.gems.pro/Result/ShowTeam.aspx?Team_GUID=c6a4cea9-ab25-40c8-9e87-397f188c6a13&SetLanguage=en-CA,BC,British Columbia,Gymnastics Artistic - Team Event Female,4
https://cg2019.gems.pro/Result/ShowTeam.aspx?Team_GUID=80053008-d5f7-47d0-8c8d-48a943c5fe64&SetLanguage=en-CA,BC,British Columbia,Speed Skating Long Track - Team Pursuit Male,7
https://cg2019.gems.pro/Result/ShowTeam.aspx?Team_GUID=fa883a28-e506-4dff-90a9-5ed8dd298d42&SetLanguage=en-CA,BC,British Columbia,Biathlon 3 x 7.5 km Relay Male,Bronze
https://cg2019.gems.pro/Result/ShowTeam.aspx?Team_GUID=cba1d4d7-dbfd-49b3-8e07-6717943a2506&SetLanguage=en-CA,BC,British Columbia,Gymnastics Trampoline - Team Mix,Bronze
https://cg2019.gems.pro/Result/ShowTeam.aspx?Team_GUID=eaf19e7e-5897-4955-af7a-7d5255edebd6&SetLanguage=en-CA,BC,British Columbia,Gymnastics Artistic - Team Event Male,5
https://cg2019.gems.pro/Result/ShowTeam.aspx?Team_GUID=174ea9c9-2e02-4a63-b9cb-7788022eb71d&SetLanguage=en-CA,BC,British Columbia,Curling Male,Gold
https://cg2019.gems.pro/Result/ShowTeam.aspx?Team_GUID=54cbce5d-059a-43fa-9d73-72962927ed1f&SetLanguage=en-CA,BC,British Columbia,Artistic Swimming Team Female,4
https://cg2019.gems.pro/Result/ShowTeam.aspx?Team_GUID=2ea2a6af-cb46-43d7-924d-7bb9f36c2cb7&SetLanguage=en-CA,BC,British Columbia,Badminton Team Competition Mix,4
https://cg2019.gems.pro/Result/ShowTeam.aspx?Team_GUID=5099bb88-f33f-4bb7-8867-4adfed1c7fd7&SetLanguage=en-CA,BC,British Columbia,Judo Team Competition Female,Silver
https://cg2019.gems.pro/Result/ShowTeam.aspx?Team_GUID=77c5b016-1c66-4667-a321-7a0dd5e9b9f4&SetLanguage=en-CA,BC,British Columbia,Speed Skating Short Track - Team Relay Male,4
https://cg2019.gems.pro/Result/ShowTeam.aspx?Team_GUID=e36d5941-d283-4130-af46-b33cec6b3f0b&SetLanguage=en-CA,BC,British Columbia,Wheelchair Basketball Mix,6
https://cg2019.gems.pro/Result/ShowTeam.aspx?Team_GUID=50ee1248-64a8-47d9-9a12-7dda672a2b3b&SetLanguage=en-CA,BC,British Columbia,Archery Recurve - Team Mix,6
https://cg2019.gems.pro/Result/ShowTeam.aspx?Team_GUID=fb8f300d-f590-4681-bfce-b91b71b5e8aa&SetLanguage=en-CA,BC,British Columbia,Squash Team Competition Female,Silver
https://cg2019.gems.pro/Result/ShowTeam.aspx?Team_GUID=782d4d16-28ff-43d2-aab0-c35cb3817dde&SetLanguage=en-CA,BC,British Columbia,Curling Female,10
https://cg2019.gems.pro/Result/ShowTeam.aspx?Team_GUID=bcefb754-9a74-4b81-a933-c7c62dec06c4&SetLanguage=en-CA,BC,British Columbia,Table Tennis Team Female,Gold
https://cg2019.gems.pro/Result/ShowTeam.aspx?Team_GUID=5ebc9617-078e-4fe1-be25-c55672acf724&SetLanguage=en-CA,BC,British Columbia,Hockey Female,Bronze
https://cg2019.gems.pro/Result/ShowTeam.aspx?Team_GUID=f0f5ef71-0f6b-4b7d-bbb0-c54e1ad9d816&SetLanguage=en-CA,BC,British Columbia,Ringette Female,4
https://cg2019.gems.pro/Result/ShowTeam.aspx?Team_GUID=5ead5037-d7f3-4bc5-936c-cadcf7248236&SetLanguage=en-CA,BC,British Columbia,Table Tennis Doubles Female,Gold
https://cg2019.gems.pro/Result/ShowTeam.aspx?Team_GUID=ff70e03c-795c-4806-b6ec-e2d07ec288a3&SetLanguage=en-CA,BC,British Columbia,Cross Country Skiing Relay Mix,Gold
https://cg2019.gems.pro/Result/ShowTeam.aspx?Team_GUID=968eb15c-84d2-4a48-818d-76dae1b8d597&SetLanguage=en-CA,BC,British Columbia,Hockey Male,7
https://cg2019.gems.pro/Result/ShowTeam.aspx?Team_GUID=6772caf1-c0e8-4ae5-94fa-d0ce37112261&SetLanguage=en-CA,BC,British Columbia,Judo Team Competition Male,Silver
https://cg2019.gems.pro/Result/ShowTeam.aspx?Team_GUID=9142b02c-b638-4fc3-b1c7-e5d548117fd5&SetLanguage=en-CA,BC,British Columbia,Squash Team Competition Male,Silver
https://cg2019.gems.pro/Result/ShowTeam.aspx?Team_GUID=81c1fd82-4d9b-4eef-8eef-fa719716836c&SetLanguage=en-CA,BC,British Columbia,Gymnastics Trampoline - Synchro Female,9
https://cg2019.gems.pro/Result/ShowTeam.aspx?Team_GUID=1a153d3f-8317-4654-98fa-45276cb612dd&SetLanguage=en-CA,Bélanger/Kremer,Yukon,Badminton Doubles Female,17
https://cg2019.gems.pro/Result/ShowTeam.aspx?Team_GUID=2b831c24-1822-4cab-a3e3-ecf5a080631e&SetLanguage=en-CA,BC,British Columbia,Speed Skating Short Track - Team Relay Female,Bronze
https://cg2019.gems.pro/Result/ShowTeam.aspx?Team_GUID=5d2d585e-9751-4d4d-87ad-dea8fa519816&SetLanguage=en-CA,Bear/Haubrich,Saskatchewan,Figure Skating Pairs Novice Mix,4
https://cg2019.gems.pro/Result/ShowTeam.aspx?Team_GUID=b5ce6922-3caa-46b9-ae5a-ec7e8eec4b96&SetLanguage=en-CA,BC,British Columbia,Table Tennis Doubles Mix,5
https://cg2019.gems.pro/Result/ShowTeam.aspx?Team_GUID=135e26a6-40ed-44bb-baa8-5de19f6fafaf&SetLanguage=en-CA,Bernard/Hughes,Prince Edward Island,Badminton Doubles Mix,9
https://cg2019.gems.pro/Result/ShowTeam.aspx?Team_GUID=146933da-143f-4e12-8adb-ec4949be3eca&SetLanguage=en-CA,Black/Tu,Saskatchewan,Badminton Doubles Male,9
https://cg2019.gems.pro/Result/ShowTeam.aspx?Team_GUID=54672c93-b250-41ee-8536-0ec10c8f91b3&SetLanguage=en-CA,Boucher/Pare,New Brunswick,Badminton Doubles Male,17
https://cg2019.gems.pro/Result/ShowTeam.aspx?Team_GUID=d95c2dd7-4456-485f-87e9-43b1ec6a588e&SetLanguage=en-CA,Brawley/Ripley,Ontario,Figure Skating Pairs Novice Mix,Bronze
https://cg2019.gems.pro/Result/ShowTeam.aspx?Team_GUID=bf0471e7-f5a7-4132-997e-bc07db30c4fd&SetLanguage=en-CA,Brown/Ramnarace,Manitoba,Badminton Doubles Male,17
https://cg2019.gems.pro/Result/ShowTeam.aspx?Team_GUID=60642a44-4b7b-4384-ae75-895993ec756f&SetLanguage=en-CA,Brennan/Chi,Saskatchewan,Badminton Doubles Female,9
https://cg2019.gems.pro/Result/ShowTeam.aspx?Team_GUID=5d3eba5e-04fd-48a7-adac-de959f6b60d9&SetLanguage=en-CA,Boucher/Head,New Brunswick,Badminton Doubles Mix,17
https://cg2019.gems.pro/Result/ShowTeam.aspx?Team_GUID=806f96cf-1216-4bdf-a5e8-cab65d349bc2&SetLanguage=en-CA,Bristol/Carroll,Saskatchewan,Artistic Swimming Duet Female,4
https://cg2019.gems.pro/Result/ShowTeam.aspx?Team_GUID=35e382f8-9367-48d8-b23e-81eeed88cd2e&SetLanguage=en-CA,Brown/Ding,Manitoba,Badminton Doubles Mix,9
https://cg2019.gems.pro/Result/ShowTeam.aspx?Team_GUID=08b4b7f2-17ab-4726-95e0-ac0f424eb2d7&SetLanguage=en-CA,Chan/Lai,Ontario,Badminton Doubles Mix,5
https://cg2019.gems.pro/Result/ShowTeam.aspx?Team_GUID=22b600e9-a543-4942-994d-f413f302a46b&SetLanguage=en-CA,Carter/Kam,British Columbia,Figure Skating Dance Novice Mix,Gold
https://cg2019.gems.pro/Result/ShowTeam.aspx?Team_GUID=59cf24c3-f201-497a-8741-d18367a46654&SetLanguage=en-CA,Chan/Wang,Alberta,Badminton Doubles Female,5
https://cg2019.gems.pro/Result/ShowTeam.aspx?Team_GUID=4dd395f2-cc57-4f6a-aa67-0a7b39ce6bd3&SetLanguage=en-CA,Chen/Wang,Alberta,Badminton Doubles Male,4
https://cg2019.gems.pro/Result/ShowTeam.aspx?Team_GUID=4d112a5d-9e9e-4ffb-8b1b-685a329c9b32&SetLanguage=en-CA,Cheng/Zhang,British Columbia,Badminton Doubles Female,Gold
https://cg2019.gems.pro/Result/ShowTeam.aspx?Team_GUID=16674cc6-15e6-4736-a382-426a6cad4e3f&SetLanguage=en-CA,Cheung/Jia,Ontario,Badminton Doubles Mix,5
https://cg2019.gems.pro/Result/ShowTeam.aspx?Team_GUID=d1dc1cf5-799d-4b03-b3a4-f3fcb4d8d95c&SetLanguage=en-CA,Cheng/He,British Columbia,Badminton Doubles Male,9
https://cg2019.gems.pro/Result/ShowTeam.aspx?Team_GUID=bb003e16-acb0-477d-9627-efcd17220dc9&SetLanguage=en-CA,Chaput/Danis,Manitoba,Artistic Swimming Duet Female,6
https://cg2019.gems.pro/Result/ShowTeam.aspx?Team_GUID=b28b63e0-05a1-46b9-845a-11cf93bed751&SetLanguage=en-CA,Cheung/Kwan,Alberta,Badminton Doubles Female,5
https://cg2019.gems.pro/Result/ShowTeam.aspx?Team_GUID=e1922f9c-840e-43d3-9d29-fda6788a1ee2&SetLanguage=en-CA,Cheng/Li,British Columbia,Badminton Doubles Mix,9
https://cg2019.gems.pro/Result/ShowTeam.aspx?Team_GUID=fb3f9edd-7ad0-4356-a3bc-009c4d5765f2&SetLanguage=en-CA,Choi/Jia,Ontario,Badminton Doubles Male,9
https://cg2019.gems.pro/Result/ShowTeam.aspx?Team_GUID=967c248f-1457-457e-afd1-3fe12b8b6982&SetLanguage=en-CA,Cheng/Ngai,British Columbia,Badminton Doubles Mix,9
https://cg2019.gems.pro/Result/ShowTeam.aspx?Team_GUID=5da0a55e-17f9-4639-a6d4-a7ab7fc95b43&SetLanguage=en-CA,Cookie,Nunavut,Badminton Doubles Mix,
https://cg2019.gems.pro/Result/ShowTeam.aspx?Team_GUID=6637ba08-b16e-4763-bb5a-f49fffafb693&SetLanguage=en-CA,Choi/Lai,Ontario,Badminton Doubles Female,Bronze
https://cg2019.gems.pro/Result/ShowTeam.aspx?Team_GUID=4cd6bc51-3218-4a4d-afba-f5e194687399&SetLanguage=en-CA,Choi/Ruan,Quebec,Badminton Doubles Mix,17
https://cg2019.gems.pro/Result/ShowTeam.aspx?Team_GUID=a42d36f8-5cee-42ef-b51c-4a38f006d483&SetLanguage=en-CA,Collier/Willcott,Newfoundland and Labrador,Badminton Doubles Mix,17
https://cg2019.gems.pro/Result/ShowTeam.aspx?Team_GUID=af10b991-848c-4cf9-9d8f-9d00c241378c&SetLanguage=en-CA,Choi/Laperriere,Quebec,Badminton Doubles Male,5
https://cg2019.gems.pro/Result/ShowTeam.aspx?Team_GUID=7f4737a7-93d2-42b1-8103-c891c07c13e7&SetLanguage=en-CA,Choi/Lai,Ontario,Badminton Doubles Mix,4
https://cg2019.gems.pro/Result/ShowTeam.aspx?Team_GUID=d3b0f069-fcc3-427e-96e8-c11c84082ac7&SetLanguage=en-CA,Couture/Verrelli,Quebec,Figure Skating Dance Novice Mix,4
https://cg2019.gems.pro/Result/ShowTeam.aspx?Team_GUID=3a9205f5-d8ce-4a0f-a499-afc5731e534b&SetLanguage=en-CA,Derenisky/Eberl,Saskatchewan,Figure Skating Pairs Novice Mix,Silver
https://cg2019.gems.pro/Result/ShowTeam.aspx?Team_GUID=2ad6a39c-7747-4f12-b235-214d35276eb2&SetLanguage=en-CA,DeRaj/Nichols,Manitoba,Badminton Doubles Mix,9
https://cg2019.gems.pro/Result/ShowTeam.aspx?Team_GUID=6ffe9516-967c-4e91-b79a-62900056b819&SetLanguage=en-CA,Czarkowski/Hoffman,Alberta,Artistic Swimming Duet Female,Gold
https://cg2019.gems.pro/Result/ShowTeam.aspx?Team_GUID=340c10f0-75a9-4ed5-8f34-e96188352d38&SetLanguage=en-CA,Dewar/Pilat,Manitoba,Figure Skating Pairs Pre-Novice Mix,4
https://cg2019.gems.pro/Result/ShowTeam.aspx?Team_GUID=824e38eb-ae57-47cc-9833-55587cff694b&SetLanguage=en-CA,Ding/Tantakoun,Manitoba,Badminton Doubles Female,9
https://cg2019.gems.pro/Result/ShowTeam.aspx?Team_GUID=88f930b3-062f-4cdf-9f5e-22e42db2d2c5&SetLanguage=en-CA,Dolgova/Hargreaves,Saskatchewan,Artistic Swimming Duet Female,12
https://cg2019.gems.pro/Result/ShowTeam.aspx?Team_GUID=f7a21d7a-88ca-4c4e-92df-514850192fcd&SetLanguage=en-CA,Doherty/Streeter,New Brunswick,Artistic Swimming Duet Female,14
https://cg2019.gems.pro/Result/ShowTeam.aspx?Team_GUID=ef2f0d42-f05e-4945-a685-957602eac357&SetLanguage=en-CA,Embro/Millar,Ontario,Figure Skating Dance Novice Mix,Silver
https://cg2019.gems.pro/Result/ShowTeam.aspx?Team_GUID=8446dafd-e166-49da-a50a-1314678d0e59&SetLanguage=en-CA,Elliott/Munro,Nova Scotia,Figure Skating Dance Pre-Novice Mix,8
https://cg2019.gems.pro/Result/ShowTeam.aspx?Team_GUID=57bd042d-02cc-44ec-a346-8419c4db5cf0&SetLanguage=en-CA,Feng/Lai,Ontario,Badminton Doubles Mix,5
https://cg2019.gems.pro/Result/ShowTeam.aspx?Team_GUID=6ca6b5e6-0653-4443-a853-957e70cd30c5&SetLanguage=en-CA,Ford/Hughes,Prince Edward Island,Badminton Doubles Female,17
https://cg2019.gems.pro/Result/ShowTeam.aspx?Team_GUID=c92988ff-727b-4afb-b53a-4243639750b4&SetLanguage=en-CA,Farand/Fournier,Quebec,Figure Skating Pairs Novice Mix,Gold
https://cg2019.gems.pro/Result/ShowTeam.aspx?Team_GUID=97bdd23a-66e0-4dcb-888c-8223ca13cd37&SetLanguage=en-CA,Fox/Warren,Ontario,Artistic Swimming Duet Female,10
https://cg2019.gems.pro/Result/ShowTeam.aspx?Team_GUID=0fe5bf1d-39ba-485f-80b9-96888768d55f&SetLanguage=en-CA,Gambin/Young,Newfoundland and Labrador,Badminton Doubles Male,9
https://cg2019.gems.pro/Result/ShowTeam.aspx?Team_GUID=44b50796-0ec2-409c-8414-a01277fc2f55&SetLanguage=en-CA,Gambin/Steele,Newfoundland and Labrador,Badminton Doubles Mix,17
https://cg2019.gems.pro/Result/ShowTeam.aspx?Team_GUID=22f07ffc-052a-492e-81ef-3acc57cab332&SetLanguage=en-CA,Gambin/Young,Newfoundland and Labrador,Badminton Doubles Mix,17
https://cg2019.gems.pro/Result/ShowTeam.aspx?Team_GUID=5c237fd4-11a1-4004-be67-e1d34bb1645e&SetLanguage=en-CA,Gambin/Steele,Newfoundland and Labrador,Badminton Doubles Female,9
https://cg2019.gems.pro/Result/ShowTeam.aspx?Team_GUID=c198dda2-3080-4454-8959-fcabd5a95a71&SetLanguage=en-CA,Gauthier/Thieren,Quebec,Figure Skating Dance Pre-Novice Mix,4
https://cg2019.gems.pro/Result/ShowTeam.aspx?Team_GUID=0539c6e5-4a74-4521-8a5d-e14ed2321c53&SetLanguage=en-CA,Gauthier/Veilleux,Quebec,Artistic Swimming Duet Female,Silver
https://cg2019.gems.pro/Result/ShowTeam.aspx?Team_GUID=9f97f7ca-92a5-4eae-8415-436fceab4f23&SetLanguage=en-CA,Gauvin/Plante,Quebec,Artistic Swimming Duet Female,9
https://cg2019.gems.pro/Result/ShowTeam.aspx?Team_GUID=88fde99c-ccd3-48c8-a730-97926f359c2a&SetLanguage=en-CA,Giang/Yu,British Columbia,Figure Skating Dance Pre-Novice Mix,Gold
https://cg2019.gems.pro/Result/ShowTeam.aspx?Team_GUID=ae2bada6-90f4-4f83-a18f-317cbcad099e&SetLanguage=en-CA,Gillies/Kim,New Brunswick,Badminton Doubles Mix,17
https://cg2019.gems.pro/Result/ShowTeam.aspx?Team_GUID=e8b46bd9-2162-4c94-98a8-528ab12bcb57&SetLanguage=en-CA,Giraldeau/Goulet,Quebec,Figure Skating Pairs Pre-Novice Mix,Silver
https://cg2019.gems.pro/Result/ShowTeam.aspx?Team_GUID=3ac87e23-b5cb-4fc2-a43b-c9bae3efeca9&SetLanguage=en-CA,Gover/Patriquin,Ontario,Figure Skating Dance Pre-Novice Mix,5
https://cg2019.gems.pro/Result/ShowTeam.aspx?Team_GUID=9ba24fdb-7ec7-46dc-a685-20115eb90343&SetLanguage=en-CA,Guay/Nguyen,Quebec,Badminton Doubles Mix,9
https://cg2019.gems.pro/Result/ShowTeam.aspx?Team_GUID=0e069fce-db19-4b81-afa6-517eb20d298b&SetLanguage=en-CA,Greenfield/Kruger,Alberta,Artistic Swimming Duet Female,11
https://cg2019.gems.pro/Result/ShowTeam.aspx?Team_GUID=22652ec3-555a-41b2-9128-13d981505cef&SetLanguage=en-CA,He/Wong,British Columbia,Badminton Doubles Mix,17
https://cg2019.gems.pro/Result/ShowTeam.aspx?Team_GUID=dc81ff4a-b992-48aa-9073-a3c0234e436d&SetLanguage=en-CA,Iqaluq/Kavik,Nunavut,Badminton Doubles Male,17
https://cg2019.gems.pro/Result/ShowTeam.aspx?Team_GUID=3049d0b1-8897-471f-ba0a-5697bd214e6d&SetLanguage=en-CA,Jerrett/Watkins,Newfoundland and Labrador,Figure Skating Dance Pre-Novice Mix,7
https://cg2019.gems.pro/Result/ShowTeam.aspx?Team_GUID=96badce2-6954-4969-9d9f-d352afd41355&SetLanguage=en-CA,Kremer/Kremer,Yukon,Badminton Doubles Mix,17
https://cg2019.gems.pro/Result/ShowTeam.aspx?Team_GUID=3b0c94b4-9b74-4bf3-b8a5-84cbff540b99&SetLanguage=en-CA,Kanyasi/White,Nova Scotia,Badminton Doubles Male,9
https://cg2019.gems.pro/Result/ShowTeam.aspx?Team_GUID=ec7a2db2-5aba-4e53-a21f-c9af2899a95c&SetLanguage=en-CA,Kobler/Mezel,Yukon,Badminton Doubles Male,17
https://cg2019.gems.pro/Result/ShowTeam.aspx?Team_GUID=f8789795-a55c-48d9-ab74-57069cea6f7a&SetLanguage=en-CA,Kudluarok/Akeeagok,Nunavut,Badminton Doubles Male,9
https://cg2019.gems.pro/Result/ShowTeam.aspx?Team_GUID=9c4d14ac-b93e-4936-bb6b-8cf8dae732a9&SetLanguage=en-CA,Kwan/Wang,Alberta,Badminton Doubles Mix,5
https://cg2019.gems.pro/Result/ShowTeam.aspx?Team_GUID=0dc9ed86-1338-45b7-9a52-21f8d45e78e1&SetLanguage=en-CA,Kyak/Nakashuk,Nunavut,Badminton Doubles Female,9
https://cg2019.gems.pro/Result/ShowTeam.aspx?Team_GUID=a8d807e5-ad88-4da9-a983-cb05ef8ff6e7&SetLanguage=en-CA,Lawther/McCallum,Prince Edward Island,Badminton Doubles Female,9
https://cg2019.gems.pro/Result/ShowTeam.aspx?Team_GUID=31178508-9980-43f3-869a-03856defb921&SetLanguage=en-CA,Leblanc/Ruan,Quebec,Badminton Doubles Female,Silver
https://cg2019.gems.pro/Result/ShowTeam.aspx?Team_GUID=bca2a59f-7b71-474a-8959-8152c38171eb&SetLanguage=en-CA,Lai/Feng,Ontario,Badminton Doubles Male,Silver
https://cg2019.gems.pro/Result/ShowTeam.aspx?Team_GUID=95e1aa63-5d3e-42b7-a5d9-f1cc7c744398&SetLanguage=en-CA,Lévesque-Morissette/Lévesque-Morissette,Newfoundland and Labrador,Figure Skating Dance Pre-Novice Mix,6
https://cg2019.gems.pro/Result/ShowTeam.aspx?Team_GUID=af871284-f585-4012-8225-2d32bc834495&SetLanguage=en-CA,Lu/Luo,British Columbia,Badminton Doubles Male,5
https://cg2019.gems.pro/Result/ShowTeam.aspx?Team_GUID=51d9f7d4-07ce-41e4-85b3-391de297c56f&SetLanguage=en-CA,Lu/Yee,British Columbia,Badminton Doubles Mix,17
https://cg2019.gems.pro/Result/ShowTeam.aspx?Team_GUID=784ea3c5-0f65-4fad-8fff-6023a02c845e&SetLanguage=en-CA,MacDonald/Proctor,Nova Scotia,Badminton Doubles Mix,17
https://cg2019.gems.pro/Result/ShowTeam.aspx?Team_GUID=084de2c3-b215-4010-8d54-e7db8c4f3842&SetLanguage=en-CA,Martin/Tu,Saskatchewan,Badminton Doubles Mix,33
https://cg2019.gems.pro/Result/ShowTeam.aspx?Team_GUID=d2899d9f-5df1-4691-bce5-c5d3eca60829&SetLanguage=en-CA,Martel/Chant,Alberta,Figure Skating Dance Pre-Novice Mix,Bronze
https://cg2019.gems.pro/Result/ShowTeam.aspx?Team_GUID=113b5780-8162-47c1-b9cb-ec93d09ce4e4&SetLanguage=en-CA,MB,Manitoba,Table Tennis Doubles Male,8
https://cg2019.gems.pro/Result/ShowTeam.aspx?Team_GUID=f7f2dc4e-d4f5-474f-ac75-56a320f2937e&SetLanguage=en-CA,MB,Manitoba,Ringette Female,Bronze
https://cg2019.gems.pro/Result/ShowTeam.aspx?Team_GUID=c2d34a68-7e7e-425f-a1d5-3ffd893db6c7&SetLanguage=en-CA,MB,Manitoba,Table Tennis Doubles Female,7
https://cg2019.gems.pro/Result/ShowTeam.aspx?Team_GUID=6cafc5de-95f6-4c80-a2a2-2959edaf53c8&SetLanguage=en-CA,Mason/Pothier,Nova Scotia,Badminton Doubles Mix,17
https://cg2019.gems.pro/Result/ShowTeam.aspx?Team_GUID=576cee9e-e6c2-41db-97ba-ec14e52dc1c2&SetLanguage=en-CA,MB,Manitoba,Artistic Swimming Team Female,6
https://cg2019.gems.pro/Result/ShowTeam.aspx?Team_GUID=ff33e35b-0b44-4d4f-914c-67e47325e627&SetLanguage=en-CA,MB,Manitoba,Biathlon 3 x 7.5 km Relay Male,8
https://cg2019.gems.pro/Result/ShowTeam.aspx?Team_GUID=e6ba58a0-50e7-4a5b-9707-8b7fa68a7c03&SetLanguage=en-CA,Mason/Proctor,Nova Scotia,Badminton Doubles Male,17
https://cg2019.gems.pro/Result/ShowTeam.aspx?Team_GUID=dc1cf1ee-541e-49b0-aeaa-4955db48fabe&SetLanguage=en-CA,MB,Manitoba,Squash Team Competition Female,9
https://cg2019.gems.pro/Result/ShowTeam.aspx?Team_GUID=64222bca-fa0a-43fb-aca0-53350cedc2e0&SetLanguage=en-CA,MB,Manitoba,Speed Skating Long Track - Team Pursuit Female,4
https://cg2019.gems.pro/Result/ShowTeam.aspx?Team_GUID=b07ae201-87e0-4767-9ce1-40481b1dd32c&SetLanguage=en-CA,MB,Manitoba,Curling Male,Bronze
https://cg2019.gems.pro/Result/ShowTeam.aspx?Team_GUID=0f935855-d2e6-4a6f-a92f-441abfc410c7&SetLanguage=en-CA,MB,Manitoba,Archery Recurve - Team Mix,5
https://cg2019.gems.pro/Result/ShowTeam.aspx?Team_GUID=2867077f-e330-42a3-8117-4ce09c5ac5a7&SetLanguage=en-CA,MB,Manitoba,Archery Compound - Team Mix,Silver
https://cg2019.gems.pro/Result/ShowTeam.aspx?Team_GUID=1e7a6ff5-7d36-457f-bb0a-386ed7179c51&SetLanguage=en-CA,MB,Manitoba,Gymnastics Artistic - Team Event Female,6
https://cg2019.gems.pro/Result/ShowTeam.aspx?Team_GUID=1011e187-a488-46c2-9d6f-76ca8048a383&SetLanguage=en-CA,MB,Manitoba,Wheelchair Basketball Mix,7
https://cg2019.gems.pro/Result/ShowTeam.aspx?Team_GUID=13f92f1c-26ae-4d32-bc08-5ff3a47f24d5&SetLanguage=en-CA,MB,Manitoba,Judo Team Competition Female,5
https://cg2019.gems.pro/Result/ShowTeam.aspx?Team_GUID=d9fc666e-d984-460b-9dca-2a0039d3e07e&SetLanguage=en-CA,MB,Manitoba,Squash Team Competition Male,5
https://cg2019.gems.pro/Result/ShowTeam.aspx?Team_GUID=46027def-e61d-4bfe-9f5e-55b2179142f6&SetLanguage=en-CA,MB,Manitoba,Hockey Male,5
https://cg2019.gems.pro/Result/ShowTeam.aspx?Team_GUID=1f010c20-c059-435c-8e43-9396daf9c200&SetLanguage=en-CA,MB,Manitoba,Gymnastics Trampoline - Synchro Female,7
https://cg2019.gems.pro/Result/ShowTeam.aspx?Team_GUID=09089691-8f94-4a81-975c-979c37b60d99&SetLanguage=en-CA,MB,Manitoba,Speed Skating Long Track - Team Pursuit Male,5
https://cg2019.gems.pro/Result/ShowTeam.aspx?Team_GUID=1ccb1ca0-0105-4535-9cf4-a32672acaea8&SetLanguage=en-CA,MB,Manitoba,Speed Skating Short Track - Team Relay Male,9
https://cg2019.gems.pro/Result/ShowTeam.aspx?Team_GUID=959eecd4-12ec-44f7-bfe4-b5ff072d1d31&SetLanguage=en-CA,MB,Manitoba,Gymnastics Artistic - Team Event Male,
https://cg2019.gems.pro/Result/ShowTeam.aspx?Team_GUID=2a07ac96-838d-4862-8cf8-b03c08ec215a&SetLanguage=en-CA,MB,Manitoba,Hockey Female,5
https://cg2019.gems.pro/Result/ShowTeam.aspx?Team_GUID=a0ba7161-b9d2-4baf-a2af-f25dc070aede&SetLanguage=en-CA,MB,Manitoba,Gymnastics Trampoline - Team Mix,8
https://cg2019.gems.pro/Result/ShowTeam.aspx?Team_GUID=4677d761-6452-4639-b52f-f1c998116cd7&SetLanguage=en-CA,MB,Manitoba,Biathlon 3 x 6 km Relay Female,6
https://cg2019.gems.pro/Result/ShowTeam.aspx?Team_GUID=dd46b21d-0916-486b-af39-c3f7f0d4c338&SetLanguage=en-CA,MB,Manitoba,Table Tennis Team Female,7
https://cg2019.gems.pro/Result/ShowTeam.aspx?Team_GUID=1c5c8d8c-3a6d-4d68-bebf-d7fc8b6a3e27&SetLanguage=en-CA,MB-B,Manitoba,Cross Country Skiing Relay Mix,14
https://cg2019.gems.pro/Result/ShowTeam.aspx?Team_GUID=cf856d52-af2f-4ae4-9b9f-cf0149eb627a&SetLanguage=en-CA,MB,Manitoba,Gymnastics Trampoline - Synchro Male,Silver
https://cg2019.gems.pro/Result/ShowTeam.aspx?Team_GUID=40727af4-dbac-4d58-9921-fd23f8e0880d&SetLanguage=en-CA,MB,Manitoba,Curling Female,Silver
https://cg2019.gems.pro/Result/ShowTeam.aspx?Team_GUID=084d6b6f-937f-4236-81ba-feb7994f3438&SetLanguage=en-CA,MB,Manitoba,Table Tennis Doubles Mix,4
https://cg2019.gems.pro/Result/ShowTeam.aspx?Team_GUID=8c7283a3-c6c4-4016-ab1e-e244234765ae&SetLanguage=en-CA,MB,Manitoba,Speed Skating Short Track - Team Relay Female,7
https://cg2019.gems.pro/Result/ShowTeam.aspx?Team_GUID=121e3662-8022-4d42-b6e3-da130ac0d669&SetLanguage=en-CA,MB,Manitoba,Judo Team Competition Male,5
https://cg2019.gems.pro/Result/ShowTeam.aspx?Team_GUID=5b650aca-5f40-4a25-87a2-b18f3cd95398&SetLanguage=en-CA,MB,Manitoba,Table Tennis Team Male,4
https://cg2019.gems.pro/Result/ShowTeam.aspx?Team_GUID=c5c8abe3-6e1e-46c3-9d43-27ad2ec5bb53&SetLanguage=en-CA,MB-A,Manitoba,Cross Country Skiing Relay Mix,11
https://cg2019.gems.pro/Result/ShowTeam.aspx?Team_GUID=5f831bd7-73cb-40b3-b5a7-74c4ee348fc1&SetLanguage=en-CA,Mocanu/Nguyen,Quebec,Badminton Doubles Mix,Bronze
https://cg2019.gems.pro/Result/ShowTeam.aspx?Team_GUID=6835f783-599a-401e-a5aa-c6d7e4551531&SetLanguage=en-CA,Mocanu/Zhang,Quebec,Badminton Doubles Female,4
https://cg2019.gems.pro/Result/ShowTeam.aspx?Team_GUID=a39ee74d-2759-4a0b-8a7d-e51993d53aad&SetLanguage=en-CA,MB,Manitoba,Badminton Team Competition Mix,5
https://cg2019.gems.pro/Result/ShowTeam.aspx?Team_GUID=f4627f8f-f036-4a82-a814-aa75069e8691&SetLanguage=en-CA,McQuilkin/Portz,Alberta,Figure Skating Dance Novice Mix,Bronze
https://cg2019.gems.pro/Result/ShowTeam.aspx?Team_GUID=62df90a0-a1c3-4819-b5ef-75ee5a255794&SetLanguage=en-CA,Medeiros/Yip,Manitoba,Artistic Swimming Duet Female,15
https://cg2019.gems.pro/Result/ShowTeam.aspx?Team_GUID=16358966-fa28-4754-9fb1-dd87ea820337&SetLanguage=en-CA,Morneau/Nguyen,Quebec,Badminton Doubles Male,Bronze
https://cg2019.gems.pro/Result/ShowTeam.aspx?Team_GUID=0a646bf6-52d7-4d9e-a975-d21a4e21f383&SetLanguage=en-CA,Morrissey/Tang,New Brunswick,Badminton Doubles Male,9
https://cg2019.gems.pro/Result/ShowTeam.aspx?Team_GUID=00d241b3-22f1-4d6a-b59a-1a18750eedfd&SetLanguage=en-CA,NB,New Brunswick,Archery Recurve - Team Mix,7
https://cg2019.gems.pro/Result/ShowTeam.aspx?Team_GUID=a30396f6-406d-4c87-8a78-0ec9dc3d7d86&SetLanguage=en-CA,Morrisson/Murdoch,New Brunswick,Artistic Swimming Duet Female,7
https://cg2019.gems.pro/Result/ShowTeam.aspx?Team_GUID=83dd248f-c00b-40d3-a430-195afc554836&SetLanguage=en-CA,NB,New Brunswick,Wheelchair Basketball Mix,4
https://cg2019.gems.pro/Result/ShowTeam.aspx?Team_GUID=6961aa6b-d276-4b8f-b341-3fe411741fd1&SetLanguage=en-CA,NB,New Brunswick,Speed Skating Long Track - Team Pursuit Female,7
https://cg2019.gems.pro/Result/ShowTeam.aspx?Team_GUID=280f033d-786a-4049-9c3a-093dee4bf4e2&SetLanguage=en-CA,NB,New Brunswick,Biathlon 3 x 7.5 km Relay Male,7
https://cg2019.gems.pro/Result/ShowTeam.aspx?Team_GUID=0e3bc7a1-580d-46f6-93cb-0694472fd9a7&SetLanguage=en-CA,NB,New Brunswick,Squash Team Competition Male,8
https://cg2019.gems.pro/Result/ShowTeam.aspx?Team_GUID=0a9d9f21-1f1a-47e4-90da-380916524308&SetLanguage=en-CA,NB,New Brunswick,Speed Skating Short Track - Team Relay Male,Bronze
https://cg2019.gems.pro/Result/ShowTeam.aspx?Team_GUID=5cc32850-f760-4834-a90d-0ab700c390cb&SetLanguage=en-CA,NB,New Brunswick,Gymnastics Artistic - Team Event Female,9
https://cg2019.gems.pro/Result/ShowTeam.aspx?Team_GUID=d62f5bec-cc22-40f7-83f4-41d08bf3f291&SetLanguage=en-CA,NB,New Brunswick,Gymnastics Trampoline - Team Mix,6
https://cg2019.gems.pro/Result/ShowTeam.aspx?Team_GUID=e4083e63-eac5-4407-98d3-1a4b81af76fc&SetLanguage=en-CA,NB,New Brunswick,Badminton Team Competition Mix,7
https://cg2019.gems.pro/Result/ShowTeam.aspx?Team_GUID=7512215b-85c3-424c-80da-42579800d3a7&SetLanguage=en-CA,NB,New Brunswick,Gymnastics Trampoline - Synchro Male,8
https://cg2019.gems.pro/Result/ShowTeam.aspx?Team_GUID=92b75a55-e901-47d4-a723-63cc75f755be&SetLanguage=en-CA,NB,New Brunswick,Squash Team Competition Female,11
https://cg2019.gems.pro/Result/ShowTeam.aspx?Team_GUID=f4be03c9-96f0-4180-8191-f3bcf29960fa&SetLanguage=en-CA,NB,New Brunswick,Judo Team Competition Female,7
https://cg2019.gems.pro/Result/ShowTeam.aspx?Team_GUID=0769c375-77f7-4343-b4f7-6aaf710c69b3&SetLanguage=en-CA,NB,New Brunswick,Gymnastics Trampoline - Synchro Female,4
https://cg2019.gems.pro/Result/ShowTeam.aspx?Team_GUID=9897178c-cd8c-4c52-acbd-22d61aaf23e3&SetLanguage=en-CA,NB,New Brunswick,Hockey Female,7
https://cg2019.gems.pro/Result/ShowTeam.aspx?Team_GUID=8e0c65af-b009-4187-b81e-2453e549b74e&SetLanguage=en-CA,NB,New Brunswick,Biathlon 3 x 6 km Relay Female,9
https://cg2019.gems.pro/Result/ShowTeam.aspx?Team_GUID=655e3af7-e1a9-46ef-b7f3-ef393f50d30e&SetLanguage=en-CA,NB,New Brunswick,Hockey Male,8
https://cg2019.gems.pro/Result/ShowTeam.aspx?Team_GUID=8a7e74b0-4b60-41fd-9a33-6ff56266b89b&SetLanguage=en-CA,NB,New Brunswick,Curling Male,6
https://cg2019.gems.pro/Result/ShowTeam.aspx?Team_GUID=8da3cc6b-1bff-46fb-9182-7658cf2d7d90&SetLanguage=en-CA,NB,New Brunswick,Curling Female,4
https://cg2019.gems.pro/Result/ShowTeam.aspx?Team_GUID=c5d6f582-5281-491c-a7f8-455458f008ca&SetLanguage=en-CA,NB,New Brunswick,Artistic Swimming Team Female,7
https://cg2019.gems.pro/Result/ShowTeam.aspx?Team_GUID=70eb172f-cc1d-42c2-b272-773f91469c61&SetLanguage=en-CA,NB,New Brunswick,Speed Skating Short Track - Team Relay Female,5
https://cg2019.gems.pro/Result/ShowTeam.aspx?Team_GUID=7ae8978e-33f9-4269-9490-939352e95f35&SetLanguage=en-CA,NB,New Brunswick,Archery Compound - Team Mix,10
https://cg2019.gems.pro/Result/ShowTeam.aspx?Team_GUID=a5dedea0-2c75-41ac-b7bf-a4d5a7a1079b&SetLanguage=en-CA,NB,New Brunswick,Judo Team Competition Male,7
https://cg2019.gems.pro/Result/ShowTeam.aspx?Team_GUID=1740d183-aca7-43c5-823b-c7dbaa98a827&SetLanguage=en-CA,NB,New Brunswick,Gymnastics Artistic - Team Event Male,6
https://cg2019.gems.pro/Result/ShowTeam.aspx?Team_GUID=3665055c-382a-4959-91b3-b3086d08f286&SetLanguage=en-CA,Newman/Pothier,Nova Scotia,Badminton Doubles Female,17
https://cg2019.gems.pro/Result/ShowTeam.aspx?Team_GUID=9795473b-5bf6-4adc-a199-15c97b7b6860&SetLanguage=en-CA,Newman/White,Nova Scotia,Badminton Doubles Mix,17
https://cg2019.gems.pro/Result/ShowTeam.aspx?Team_GUID=22170167-b3db-4f30-8429-afd3e00bbad9&SetLanguage=en-CA,NB,New Brunswick,Speed Skating Long Track - Team Pursuit Male,8
https://cg2019.gems.pro/Result/ShowTeam.aspx?Team_GUID=2fe8047f-0581-4ebe-a8cc-b7b9ee530c8e&SetLanguage=en-CA,NB,New Brunswick,Ringette Female,5
https://cg2019.gems.pro/Result/ShowTeam.aspx?Team_GUID=299d3a50-c11d-4a38-8fb7-fcd725145719&SetLanguage=en-CA,NB-B,New Brunswick,Cross Country Skiing Relay Mix,
https://cg2019.gems.pro/Result/ShowTeam.aspx?Team_GUID=b842b543-7b78-4181-97c6-9b88f5c72940&SetLanguage=en-CA,NB-A,New Brunswick,Cross Country Skiing Relay Mix,15
https://cg2019.gems.pro/Result/ShowTeam.aspx?Team_GUID=0c626929-a9e9-4477-a764-e6225ecb93d6&SetLanguage=en-CA,Nichols/Tessier,Manitoba,Badminton Doubles Male,5
https://cg2019.gems.pro/Result/ShowTeam.aspx?Team_GUID=819bc6e9-81d2-43d8-ac79-7703d7c43620&SetLanguage=en-CA,NL,Newfoundland and Labrador,Curling Male,4
https://cg2019.gems.pro/Result/ShowTeam.aspx?Team_GUID=473035d3-2d31-4b46-b0a7-6b55f179fab5&SetLanguage=en-CA,NL,Newfoundland and Labrador,Table Tennis Doubles Male,9
https://cg2019.gems.pro/Result/ShowTeam.aspx?Team_GUID=4a390ae9-a4fb-4019-ae79-2c4175a5838a&SetLanguage=en-CA,Ngai/Wong,British Columbia,Badminton Doubles Female,5
https://cg2019.gems.pro/Result/ShowTeam.aspx?Team_GUID=7134471e-bfdc-45dc-b058-811ab444bdab&SetLanguage=en-CA,NL,Newfoundland and Labrador,Gymnastics Trampoline - Synchro Male,5
https://cg2019.gems.pro/Result/ShowTeam.aspx?Team_GUID=4779511d-2b0a-4ba1-85da-5a49aa6dc7c9&SetLanguage=en-CA,NL,Newfoundland and Labrador,Gymnastics Artistic - Team Event Male,8
https://cg2019.gems.pro/Result/ShowTeam.aspx?Team_GUID=0c964de1-a790-4bfc-8a44-94b42f71eca0&SetLanguage=en-CA,NL,Newfoundland and Labrador,Judo Team Competition Male,
https://cg2019.gems.pro/Result/ShowTeam.aspx?Team_GUID=c4efc3ea-e23c-48e5-a220-b8c56d231ba9&SetLanguage=en-CA,NL,Newfoundland and Labrador,Speed Skating Short Track - Team Relay Male,
https://cg2019.gems.pro/Result/ShowTeam.aspx?Team_GUID=16a2b979-8468-41fd-ad69-c79d86792d2b&SetLanguage=en-CA,NL,Newfoundland and Labrador,Squash Team Competition Female,8
https://cg2019.gems.pro/Result/ShowTeam.aspx?Team_GUID=76b95d36-2330-49b7-8dda-4cb92e57a2b7&SetLanguage=en-CA,NL,Newfoundland and Labrador,Artistic Swimming Team Female,9
https://cg2019.gems.pro/Result/ShowTeam.aspx?Team_GUID=04564d0b-db7b-449a-8c18-a5d8529162a2&SetLanguage=en-CA,NL,Newfoundland and Labrador,Table Tennis Doubles Mix,8
https://cg2019.gems.pro/Result/ShowTeam.aspx?Team_GUID=92ec046e-e776-4f52-822c-b79ab126ab73&SetLanguage=en-CA,NL,Newfoundland and Labrador,Badminton Team Competition Mix,12
https://cg2019.gems.pro/Result/ShowTeam.aspx?Team_GUID=38861f3a-6590-4cf5-b286-43c30f91f8d3&SetLanguage=en-CA,NL,Newfoundland and Labrador,Speed Skating Short Track - Team Relay Female,
https://cg2019.gems.pro/Result/ShowTeam.aspx?Team_GUID=e72af4f5-1749-4d39-b635-cf02ee3525b9&SetLanguage=en-CA,NL,Newfoundland and Labrador,Table Tennis Team Female,6
https://cg2019.gems.pro/Result/ShowTeam.aspx?Team_GUID=9e5310a3-1bc9-4f3b-93e9-d2ce53052486&SetLanguage=en-CA,NL,Newfoundland and Labrador,Squash Team Competition Male,11
https://cg2019.gems.pro/Result/ShowTeam.aspx?Team_GUID=4323ecd6-2b2a-4654-853c-01bd1ce54446&SetLanguage=en-CA,NL,Newfoundland and Labrador,Hockey Male,10
https://cg2019.gems.pro/Result/ShowTeam.aspx?Team_GUID=bb95c64f-45b7-4f2e-9f72-2dc1dc1591bf&SetLanguage=en-CA,NL,Newfoundland and Labrador,Judo Team Competition Female,
https://cg2019.gems.pro/Result/ShowTeam.aspx?Team_GUID=cc05c8e4-7b52-498f-9f2b-1dd7e3a127d0&SetLanguage=en-CA,NL,Newfoundland and Labrador,Curling Female,9
https://cg2019.gems.pro/Result/ShowTeam.aspx?Team_GUID=67cf2f65-a9da-48c2-8a07-1d26fbad6016&SetLanguage=en-CA,NL,Newfoundland and Labrador,Biathlon 3 x 7.5 km Relay Male,10
https://cg2019.gems.pro/Result/ShowTeam.aspx?Team_GUID=075c5a36-92f2-4b92-b933-30b551818488&SetLanguage=en-CA,NL,Newfoundland and Labrador,Gymnastics Trampoline - Team Mix,7
https://cg2019.gems.pro/Result/ShowTeam.aspx?Team_GUID=1b29df6c-ae22-4c51-857b-3a86524581ac&SetLanguage=en-CA,NL,Newfoundland and Labrador,Table Tennis Doubles Female,8
https://cg2019.gems.pro/Result/ShowTeam.aspx?Team_GUID=b17307d8-8588-43d2-861c-f0ae5d283eae&SetLanguage=en-CA,NL,Newfoundland and Labrador,Biathlon 3 x 6 km Relay Female,
https://cg2019.gems.pro/Result/ShowTeam.aspx?Team_GUID=59cf2ac9-7c31-4b44-baf0-e696098864b6&SetLanguage=en-CA,NL,Newfoundland and Labrador,Gymnastics Trampoline - Synchro Female,5
https://cg2019.gems.pro/Result/ShowTeam.aspx?Team_GUID=a73022e8-ed52-4a21-b21c-e5c141e39fa7&SetLanguage=en-CA,NL,Newfoundland and Labrador,Table Tennis Team Male,8
https://cg2019.gems.pro/Result/ShowTeam.aspx?Team_GUID=6879bc2f-4e77-42d9-85df-de7b8b227a60&SetLanguage=en-CA,NL-A,Newfoundland and Labrador,Cross Country Skiing Relay Mix,13
https://cg2019.gems.pro/Result/ShowTeam.aspx?Team_GUID=05db0fc3-4f7b-4627-9907-143becfa2cb5&SetLanguage=en-CA,NL-B,Newfoundland and Labrador,Cross Country Skiing Relay Mix,16
https://cg2019.gems.pro/Result/ShowTeam.aspx?Team_GUID=01eea213-10b6-4b9a-ab33-e07ffcab656f&SetLanguage=en-CA,NL,Newfoundland and Labrador,Gymnastics Artistic - Team Event Female,7
https://cg2019.gems.pro/Result/ShowTeam.aspx?Team_GUID=a086a1e2-7e4f-4863-b34d-e833cbbaa18b&SetLanguage=en-CA,NL,Newfoundland and Labrador,Wheelchair Basketball Mix,8
https://cg2019.gems.pro/Result/ShowTeam.aspx?Team_GUID=0b384435-05b1-45f9-bb14-120d1412a067&SetLanguage=en-CA,NL,Newfoundland and Labrador,Hockey Female,10
https://cg2019.gems.pro/Result/ShowTeam.aspx?Team_GUID=34e43063-e38f-440a-8a1b-567e3fcb4f56&SetLanguage=en-CA,NS,Nova Scotia,Archery Recurve - Team Mix,
https://cg2019.gems.pro/Result/ShowTeam.aspx?Team_GUID=e4d904b2-2b37-4bb4-ab90-4ecb3c970a5e&SetLanguage=en-CA,NS,Nova Scotia,Biathlon 3 x 7.5 km Relay Male,
https://cg2019.gems.pro/Result/ShowTeam.aspx?Team_GUID=a1b89647-ab5d-4591-a8aa-4c99c8ad70a7&SetLanguage=en-CA,NS,Nova Scotia,Archery Compound - Team Mix,9
https://cg2019.gems.pro/Result/ShowTeam.aspx?Team_GUID=90401868-4cc6-4a49-bb24-1f78066fe9ba&SetLanguage=en-CA,NS,Nova Scotia,Cross Country Skiing Relay Mix,10
https://cg2019.gems.pro/Result/ShowTeam.aspx?Team_GUID=d499de53-f4ef-4c6c-bf4f-2d8c643a4deb&SetLanguage=en-CA,NS,Nova Scotia,Table Tennis Doubles Mix,6
https://cg2019.gems.pro/Result/ShowTeam.aspx?Team_GUID=b91a1d5e-3213-4148-aa45-30d1e1a79a9a&SetLanguage=en-CA,NS,Nova Scotia,Curling Female,Bronze
https://cg2019.gems.pro/Result/ShowTeam.aspx?Team_GUID=2e13b2cc-2274-440e-b955-4a52a9282595&SetLanguage=en-CA,NS,Nova Scotia,Curling Male,7
https://cg2019.gems.pro/Result/ShowTeam.aspx?Team_GUID=65b421e1-603e-4954-beb0-57041ce23cce&SetLanguage=en-CA,NS,Nova Scotia,Ringette Female,6
https://cg2019.gems.pro/Result/ShowTeam.aspx?Team_GUID=7e4e14a7-c182-4495-b2e7-3d88669b109c&SetLanguage=en-CA,NS,Nova Scotia,Table Tennis Doubles Male,6
https://cg2019.gems.pro/Result/ShowTeam.aspx?Team_GUID=761fc723-081c-4311-bb56-b5c4075783e6&SetLanguage=en-CA,NS,Nova Scotia,Squash Team Competition Male,7
https://cg2019.gems.pro/Result/ShowTeam.aspx?Team_GUID=9de73e20-a5ac-4963-ad0f-c133e4ba155b&SetLanguage=en-CA,NS,Nova Scotia,Gymnastics Artistic - Team Event Male,Bronze
https://cg2019.gems.pro/Result/ShowTeam.aspx?Team_GUID=de2ce380-7d97-4279-8072-bfa4fede98ec&SetLanguage=en-CA,NS,Nova Scotia,Biathlon 3 x 6 km Relay Female,8
https://cg2019.gems.pro/Result/ShowTeam.aspx?Team_GUID=a51766b8-b179-4303-8a5a-13ac067dad38&SetLanguage=en-CA,NS,Nova Scotia,Speed Skating Long Track - Team Pursuit Male,6
https://cg2019.gems.pro/Result/ShowTeam.aspx?Team_GUID=e6f39390-2f36-4b85-963d-bd918899b443&SetLanguage=en-CA,NS,Nova Scotia,Gymnastics Trampoline - Synchro Male,7
https://cg2019.gems.pro/Result/ShowTeam.aspx?Team_GUID=6df53a92-8cc9-4419-82bc-0a383eea330b&SetLanguage=en-CA,NS,Nova Scotia,Wheelchair Basketball Mix,9
https://cg2019.gems.pro/Result/ShowTeam.aspx?Team_GUID=06a8463d-4bbd-4454-b11f-c4d61a101191&SetLanguage=en-CA,NS,Nova Scotia,Speed Skating Short Track - Team Relay Male,10
https://cg2019.gems.pro/Result/ShowTeam.aspx?Team_GUID=9756dbb9-271e-431a-b247-c692bb597561&SetLanguage=en-CA,NS,Nova Scotia,Judo Team Competition Male,
https://cg2019.gems.pro/Result/ShowTeam.aspx?Team_GUID=2c276844-6d38-4cb5-ac19-e03ed331bf02&SetLanguage=en-CA,NS,Nova Scotia,Gymnastics Trampoline - Synchro Female,Silver
https://cg2019.gems.pro/Result/ShowTeam.aspx?Team_GUID=c8f81329-5426-4491-9722-e115ae9e6d91&SetLanguage=en-CA,NS,Nova Scotia,Squash Team Competition Female,6
https://cg2019.gems.pro/Result/ShowTeam.aspx?Team_GUID=d285531a-0685-4dd8-9f42-c3537162f3b5&SetLanguage=en-CA,NS,Nova Scotia,Badminton Team Competition Mix,6
https://cg2019.gems.pro/Result/ShowTeam.aspx?Team_GUID=4e764465-45a3-4238-ac20-da27cf40adba&SetLanguage=en-CA,NS,Nova Scotia,Hockey Female,8
https://cg2019.gems.pro/Result/ShowTeam.aspx?Team_GUID=6614441f-6398-4d8f-bc51-f454274a974f&SetLanguage=en-CA,NS,Nova Scotia,Speed Skating Short Track - Team Relay Female,
https://cg2019.gems.pro/Result/ShowTeam.aspx?Team_GUID=b8115d17-ee5d-49b6-b3f4-7246b7afc07e&SetLanguage=en-CA,NS,Nova Scotia,Speed Skating Long Track - Team Pursuit Female,
https://cg2019.gems.pro/Result/ShowTeam.aspx?Team_GUID=d9133339-1de5-4528-89ef-77f1e83d4b13&SetLanguage=en-CA,NS,Nova Scotia,Judo Team Competition Female,
https://cg2019.gems.pro/Result/ShowTeam.aspx?Team_GUID=205c9ca3-a203-4d07-a266-7f31284e2e47&SetLanguage=en-CA,NS,Nova Scotia,Table Tennis Doubles Female,6
https://cg2019.gems.pro/Result/ShowTeam.aspx?Team_GUID=600f80d2-bf18-48f1-abcd-9413a3fcf0c8&SetLanguage=en-CA,NS,Nova Scotia,Gymnastics Trampoline - Team Mix,4
https://cg2019.gems.pro/Result/ShowTeam.aspx?Team_GUID=509df046-d942-4680-829b-e4737391bbff&SetLanguage=en-CA,NS,Nova Scotia,Artistic Swimming Team Female,8
https://cg2019.gems.pro/Result/ShowTeam.aspx?Team_GUID=13d5fc1d-380e-40e1-877e-b0280c8bba0a&SetLanguage=en-CA,NS,Nova Scotia,Hockey Male,6
https://cg2019.gems.pro/Result/ShowTeam.aspx?Team_GUID=0aa20766-ef4e-4756-89e3-96184a74cba7&SetLanguage=en-CA,NS,Nova Scotia,Table Tennis Team Male,6
https://cg2019.gems.pro/Result/ShowTeam.aspx?Team_GUID=9e7e21ce-ff2e-49c9-b472-526714fbac2e&SetLanguage=en-CA,NT,Northwest Territories,Gymnastics Artistic - Team Event Male,
https://cg2019.gems.pro/Result/ShowTeam.aspx?Team_GUID=b7c7db1e-3706-4681-b12a-4fb25d33790a&SetLanguage=en-CA,NT,Northwest Territories,Curling Male,11
https://cg2019.gems.pro/Result/ShowTeam.aspx?Team_GUID=084e9ccf-382d-40e5-acbd-7fac72efefda&SetLanguage=en-CA,NS,Nova Scotia,Table Tennis Team Female,8
https://cg2019.gems.pro/Result/ShowTeam.aspx?Team_GUID=027c681f-34f4-4adf-9254-8322c2a20129&SetLanguage=en-CA,NS,Nova Scotia,Gymnastics Artistic - Team Event Female,8
https://cg2019.gems.pro/Result/ShowTeam.aspx?Team_GUID=a593cf40-a610-4ad5-8171-82c53c3972ab&SetLanguage=en-CA,NT,Northwest Territories,Biathlon 3 x 7.5 km Relay Male,
https://cg2019.gems.pro/Result/ShowTeam.aspx?Team_GUID=a823807c-a04c-4622-a23d-74a3a75e5eb5&SetLanguage=en-CA,NT,Northwest Territories,Squash Team Competition Male,10
https://cg2019.gems.pro/Result/ShowTeam.aspx?Team_GUID=13ae2350-05f4-4071-9731-681b7be16861&SetLanguage=en-CA,NT,Northwest Territories,Curling Female,11
https://cg2019.gems.pro/Result/ShowTeam.aspx?Team_GUID=15178389-9696-4637-845d-8a02bf4eab2a&SetLanguage=en-CA,NT,Northwest Territories,Gymnastics Trampoline - Synchro Female,
https://cg2019.gems.pro/Result/ShowTeam.aspx?Team_GUID=341fb93e-0528-4681-8e6b-23ea55d5805c&SetLanguage=en-CA,NT,Northwest Territories,Speed Skating Short Track - Team Relay Female,
https://cg2019.gems.pro/Result/ShowTeam.aspx?Team_GUID=9ed7e726-f817-44b4-8485-1d8b1c70262e&SetLanguage=en-CA,NT,Northwest Territories,Judo Team Competition Female,
https://cg2019.gems.pro/Result/ShowTeam.aspx?Team_GUID=b91dbbb7-9cf9-4166-b728-1ddfc637c520&SetLanguage=en-CA,NT,Northwest Territories,Table Tennis Doubles Female,10
https://cg2019.gems.pro/Result/ShowTeam.aspx?Team_GUID=696ba632-6023-4286-a602-284812b90634&SetLanguage=en-CA,NT,Northwest Territories,Squash Team Competition Female,7
https://cg2019.gems.pro/Result/ShowTeam.aspx?Team_GUID=74e08253-bc05-4da1-a209-05cd8afcecdd&SetLanguage=en-CA,NT,Northwest Territories,Table Tennis Team Female,10
https://cg2019.gems.pro/Result/ShowTeam.aspx?Team_GUID=a2acf4d6-041a-41aa-9533-31024152f763&SetLanguage=en-CA,NT,Northwest Territories,Badminton Team Competition Mix,13
https://cg2019.gems.pro/Result/ShowTeam.aspx?Team_GUID=d67bc81e-8041-4379-966e-3d948a8ca69e&SetLanguage=en-CA,NT,Northwest Territories,Hockey Female,11
https://cg2019.gems.pro/Result/ShowTeam.aspx?Team_GUID=4d22b774-6bc8-44bd-bdb2-a283557a6e32&SetLanguage=en-CA,NT,Northwest Territories,Gymnastics Artistic - Team Event Female,11
https://cg2019.gems.pro/Result/ShowTeam.aspx?Team_GUID=e556a129-1c21-40e8-a16f-a422e37cad20&SetLanguage=en-CA,NT,Northwest Territories,Archery Compound - Team Mix,11
https://cg2019.gems.pro/Result/ShowTeam.aspx?Team_GUID=41ba40bb-d9ba-48e1-ae5d-9e0ca3630c02&SetLanguage=en-CA,NT,Northwest Territories,Table Tennis Team Male,11
https://cg2019.gems.pro/Result/ShowTeam.aspx?Team_GUID=252d7716-cd7e-4ac4-b88e-a5304dbe7a10&SetLanguage=en-CA,NT,Northwest Territories,Archery Recurve - Team Mix,10
https://cg2019.gems.pro/Result/ShowTeam.aspx?Team_GUID=4101ce5b-61bc-43a1-940d-e0f4ad4f0d8d&SetLanguage=en-CA,NT,Northwest Territories,Judo Team Competition Male,
https://cg2019.gems.pro/Result/ShowTeam.aspx?Team_GUID=9ff7c725-66e8-4d92-9e8d-f0f0e4dfc4b4&SetLanguage=en-CA,NT,Northwest Territories,Speed Skating Short Track - Team Relay Male,7
https://cg2019.gems.pro/Result/ShowTeam.aspx?Team_GUID=f08a50f6-6537-4b43-91e2-c2e6eef64fc5&SetLanguage=en-CA,NT,Northwest Territories,Table Tennis Doubles Male,11
https://cg2019.gems.pro/Result/ShowTeam.aspx?Team_GUID=839d85dd-91ad-4c43-a7f9-ae798ca7822e&SetLanguage=en-CA,NT,Northwest Territories,Hockey Male,11
https://cg2019.gems.pro/Result/ShowTeam.aspx?Team_GUID=9e75bec5-7b61-4391-80db-ad2f8210141d&SetLanguage=en-CA,NT,Northwest Territories,Table Tennis Doubles Mix,11
https://cg2019.gems.pro/Result/ShowTeam.aspx?Team_GUID=913562d6-94ae-4255-ab98-4b435c06b603&SetLanguage=en-CA,NT-A,Northwest Territories,Cross Country Skiing Relay Mix,9
https://cg2019.gems.pro/Result/ShowTeam.aspx?Team_GUID=fbe9724d-dbd5-4b75-9def-ab8c25c658cc&SetLanguage=en-CA,NU,Nunavut,Table Tennis Doubles Female,9
https://cg2019.gems.pro/Result/ShowTeam.aspx?Team_GUID=8ac5340e-f500-45f8-b450-8ce72f8ece1e&SetLanguage=en-CA,NT-B,Northwest Territories,Cross Country Skiing Relay Mix,18
https://cg2019.gems.pro/Result/ShowTeam.aspx?Team_GUID=aed6b51b-7e71-4a39-9f8d-db90688a1d6e&SetLanguage=en-CA,NU,Nunavut,Speed Skating Short Track - Team Relay Male,
https://cg2019.gems.pro/Result/ShowTeam.aspx?Team_GUID=aece00be-e6a4-4a10-b3e2-d98de4a8d5dd&SetLanguage=en-CA,NU,Nunavut,Judo Team Competition Female,
https://cg2019.gems.pro/Result/ShowTeam.aspx?Team_GUID=bf8954ce-9885-4d2f-8cbe-f05db9f44b1d&SetLanguage=en-CA,NU,Nunavut,Table Tennis Doubles Male,10
https://cg2019.gems.pro/Result/ShowTeam.aspx?Team_GUID=c7821be9-f277-4eaa-a165-92010e1438cc&SetLanguage=en-CA,NU,Nunavut,Table Tennis Team Male,10
https://cg2019.gems.pro/Result/ShowTeam.aspx?Team_GUID=3b5e0a53-8176-44a6-8f0d-1f397971f7d6&SetLanguage=en-CA,NU,Nunavut,Table Tennis Doubles Mix,10
https://cg2019.gems.pro/Result/ShowTeam.aspx?Team_GUID=e7a9562d-eab6-4bb3-88aa-22eba1ec2fed&SetLanguage=en-CA,NU,Nunavut,Badminton Team Competition Mix,10
https://cg2019.gems.pro/Result/ShowTeam.aspx?Team_GUID=d34dfe7a-fa59-468e-b007-b38ac34468b3&SetLanguage=en-CA,NU,Nunavut,Hockey Male,12
https://cg2019.gems.pro/Result/ShowTeam.aspx?Team_GUID=d5ed8db1-857b-43a6-ba84-9381b86527f4&SetLanguage=en-CA,NU,Nunavut,Judo Team Competition Male,
https://cg2019.gems.pro/Result/ShowTeam.aspx?Team_GUID=049a036f-2d76-48bc-9893-3c73517b2ef6&SetLanguage=en-CA,ON,Ontario,Gymnastics Trampoline - Team Mix,5
https://cg2019.gems.pro/Result/ShowTeam.aspx?Team_GUID=8164a30f-fbba-4c81-adc0-999015dd43ac&SetLanguage=en-CA,NU,Nunavut,Table Tennis Team Female,9
https://cg2019.gems.pro/Result/ShowTeam.aspx?Team_GUID=c3f9b468-9ee7-4fde-bb63-3600e47adce1&SetLanguage=en-CA,ON,Ontario,Judo Team Competition Female,Bronze
https://cg2019.gems.pro/Result/ShowTeam.aspx?Team_GUID=68fa297c-ddf0-47bc-885d-4a86e39c1e7d&SetLanguage=en-CA,ON,Ontario,Curling Female,Gold
https://cg2019.gems.pro/Result/ShowTeam.aspx?Team_GUID=08d2cb8d-f41f-4b9c-9e1d-4350048abf58&SetLanguage=en-CA,O'Donoghue/Bauer,Alberta,Badminton Doubles Mix,Gold
https://cg2019.gems.pro/Result/ShowTeam.aspx?Team_GUID=02f12bc6-9825-42ce-b54f-4860d4c264b3&SetLanguage=en-CA,ON,Ontario,Speed Skating Short Track - Team Relay Male,6
https://cg2019.gems.pro/Result/ShowTeam.aspx?Team_GUID=45ac378b-6025-4a9e-8c5a-a67c0ea08a12&SetLanguage=en-CA,ON,Ontario,Squash Team Competition Male,Gold
https://cg2019.gems.pro/Result/ShowTeam.aspx?Team_GUID=3a5213d6-85ad-4973-b03f-99d529e5ae9a&SetLanguage=en-CA,NU,Nunavut,Speed Skating Short Track - Team Relay Female,8
https://cg2019.gems.pro/Result/ShowTeam.aspx?Team_GUID=55d08d20-4874-4b34-b4eb-3423432fc72e&SetLanguage=en-CA,ON,Ontario,Gymnastics Trampoline - Synchro Male,Bronze
https://cg2019.gems.pro/Result/ShowTeam.aspx?Team_GUID=a96ee0dd-b608-45e6-8ec7-6f1e53097887&SetLanguage=en-CA,ON,Ontario,Table Tennis Doubles Female,Silver
https://cg2019.gems.pro/Result/ShowTeam.aspx?Team_GUID=e5114f05-ef9a-4af0-b454-547b3fa9e894&SetLanguage=en-CA,ON,Ontario,Table Tennis Doubles Mix,Silver
https://cg2019.gems.pro/Result/ShowTeam.aspx?Team_GUID=72c499d5-ee0c-4f7e-9229-0e93e011362d&SetLanguage=en-CA,ON,Ontario,Speed Skating Long Track - Team Pursuit Female,5
https://cg2019.gems.pro/Result/ShowTeam.aspx?Team_GUID=33219409-89f5-4cbe-beb5-076e60cdc8cc&SetLanguage=en-CA,ON,Ontario,Table Tennis Team Female,Silver
https://cg2019.gems.pro/Result/ShowTeam.aspx?Team_GUID=36c5ee79-4c29-4832-93cb-072e6f5649cf&SetLanguage=en-CA,ON,Ontario,Speed Skating Short Track - Team Relay Female,4
https://cg2019.gems.pro/Result/ShowTeam.aspx?Team_GUID=01cbacbd-4b5d-4989-9f24-0fe903a37df3&SetLanguage=en-CA,ON,Ontario,Gymnastics Artistic - Team Event Female,Silver
https://cg2019.gems.pro/Result/ShowTeam.aspx?Team_GUID=ec29174c-b771-4a8e-87d2-097b40b86fdf&SetLanguage=en-CA,ON,Ontario,Archery Recurve - Team Mix,Bronze
https://cg2019.gems.pro/Result/ShowTeam.aspx?Team_GUID=78280373-f9c0-4565-991b-649f3eed8224&SetLanguage=en-CA,ON,Ontario,Archery Compound - Team Mix,5
https://cg2019.gems.pro/Result/ShowTeam.aspx?Team_GUID=bee9450a-cbe4-433e-856c-7d730434adea&SetLanguage=en-CA,ON,Ontario,Judo Team Competition Male,Bronze
https://cg2019.gems.pro/Result/ShowTeam.aspx?Team_GUID=0761dca9-25ef-47da-a28c-1bca596df033&SetLanguage=en-CA,ON,Ontario,Biathlon 3 x 7.5 km Relay Male,4
https://cg2019.gems.pro/Result/ShowTeam.aspx?Team_GUID=f26c66d0-9d1e-434d-be0d-e259dce97e10&SetLanguage=en-CA,ON,Ontario,Table Tennis Doubles Male,Bronze
https://cg2019.gems.pro/Result/ShowTeam.aspx?Team_GUID=181aef61-c6fc-4c2a-b4f4-f98cb76d90ee&SetLanguage=en-CA,ON,Ontario,Speed Skating Long Track - Team Pursuit Male,Bronze
https://cg2019.gems.pro/Result/ShowTeam.aspx?Team_GUID=e8da41c2-bd6f-41e6-80dc-d34f710d6ddc&SetLanguage=en-CA,ON,Ontario,Biathlon 3 x 6 km Relay Female,4
https://cg2019.gems.pro/Result/ShowTeam.aspx?Team_GUID=c3928516-090c-4542-9cb8-1e9e75102083&SetLanguage=en-CA,ON,Ontario,Hockey Male,Silver
https://cg2019.gems.pro/Result/ShowTeam.aspx?Team_GUID=2ab564d6-87f3-47a8-9f40-d38154da1446&SetLanguage=en-CA,ON,Ontario,Curling Male,Silver
https://cg2019.gems.pro/Result/ShowTeam.aspx?Team_GUID=e308f43d-6a54-4f0a-9831-d3608d425b4d&SetLanguage=en-CA,ON,Ontario,Wheelchair Basketball Mix,Silver
https://cg2019.gems.pro/Result/ShowTeam.aspx?Team_GUID=1d1439fa-7d93-4a51-a09d-fc1cc658f822&SetLanguage=en-CA,ON,Ontario,Badminton Team Competition Mix,Bronze
https://cg2019.gems.pro/Result/ShowTeam.aspx?Team_GUID=eb34953a-d111-49a2-960f-feccd76d7734&SetLanguage=en-CA,ON,Ontario,Hockey Female,4
https://cg2019.gems.pro/Result/ShowTeam.aspx?Team_GUID=ea91b28c-4a3f-4228-b2ca-928307e540c2&SetLanguage=en-CA,ON,Ontario,Squash Team Competition Female,Gold
https://cg2019.gems.pro/Result/ShowTeam.aspx?Team_GUID=9d4eee80-fdb8-4a54-ad0e-af2507c65ea4&SetLanguage=en-CA,ON,Ontario,Table Tennis Team Male,Silver
https://cg2019.gems.pro/Result/ShowTeam.aspx?Team_GUID=670ae737-b506-4fbc-bb42-af254cae75e7&SetLanguage=en-CA,ON,Ontario,Gymnastics Artistic - Team Event Male,Gold
https://cg2019.gems.pro/Result/ShowTeam.aspx?Team_GUID=73ae9f18-21a6-4a56-bb37-ff8086586f85&SetLanguage=en-CA,ON,Ontario,Ringette Female,Silver
https://cg2019.gems.pro/Result/ShowTeam.aspx?Team_GUID=6a4a4ee3-742c-46e7-b721-ba9ac7236886&SetLanguage=en-CA,ON,Ontario,Artistic Swimming Team Female,Bronze
https://cg2019.gems.pro/Result/ShowTeam.aspx?Team_GUID=eef4074d-eeb2-4d02-a4c6-bb9abe347812&SetLanguage=en-CA,ON,Ontario,Gymnastics Trampoline - Synchro Female,8
https://cg2019.gems.pro/Result/ShowTeam.aspx?Team_GUID=91c7a867-e085-4e97-ab36-03bdda9759d2&SetLanguage=en-CA,Ong/Redekop,Saskatchewan,Badminton Doubles Mix,17
https://cg2019.gems.pro/Result/ShowTeam.aspx?Team_GUID=6e7fe0ce-2208-42cd-9007-c5370ac45235&SetLanguage=en-CA,ON-A,Ontario,Cross Country Skiing Relay Mix,5
https://cg2019.gems.pro/Result/ShowTeam.aspx?Team_GUID=fda44bb6-2a06-404e-a2ef-2ed96583cae5&SetLanguage=en-CA,ON-B,Ontario,Cross Country Skiing Relay Mix,19
https://cg2019.gems.pro/Result/ShowTeam.aspx?Team_GUID=39c12222-3c2b-48a9-a679-325b5d798efc&SetLanguage=en-CA,Patel/Sinclair,Manitoba,Badminton Doubles Mix,9
https://cg2019.gems.pro/Result/ShowTeam.aspx?Team_GUID=6d654cc0-e5f5-4aa8-ae17-b5c7c1fa0585&SetLanguage=en-CA,Pan/Lawther,Prince Edward Island,Badminton Doubles Mix,9
https://cg2019.gems.pro/Result/ShowTeam.aspx?Team_GUID=bc07e3bf-4449-43e0-9291-00a1927a23e4&SetLanguage=en-CA,PE,Prince Edward Island,Archery Recurve - Team Mix,8
https://cg2019.gems.pro/Result/ShowTeam.aspx?Team_GUID=23ccca97-64c8-46f9-93f7-025cf7aa7169&SetLanguage=en-CA,PE,Prince Edward Island,Table Tennis Doubles Mix,
https://cg2019.gems.pro/Result/ShowTeam.aspx?Team_GUID=9385942e-75cd-40e6-856a-c195a5afe6e0&SetLanguage=en-CA,PE,Prince Edward Island,Biathlon 3 x 7.5 km Relay Male,9
https://cg2019.gems.pro/Result/ShowTeam.aspx?Team_GUID=1de756a0-4512-4c87-8d42-dec871bbed26&SetLanguage=en-CA,PE,Prince Edward Island,Table Tennis Doubles Male,7
https://cg2019.gems.pro/Result/ShowTeam.aspx?Team_GUID=e895592f-ca68-412d-8dfb-c7f5ef4516a6&SetLanguage=en-CA,PE,Prince Edward Island,Judo Team Competition Male,7
https://cg2019.gems.pro/Result/ShowTeam.aspx?Team_GUID=2ed974e7-c9ad-4b72-8a1f-17a72ca76f92&SetLanguage=en-CA,PE,Prince Edward Island,Squash Team Competition Female,10
https://cg2019.gems.pro/Result/ShowTeam.aspx?Team_GUID=58d32530-9e88-40f7-ac71-cd1adbfd0c97&SetLanguage=en-CA,PE,Prince Edward Island,Biathlon 3 x 6 km Relay Female,7
https://cg2019.gems.pro/Result/ShowTeam.aspx?Team_GUID=f3e94976-d94f-4094-9c24-e5515eb6bd44&SetLanguage=en-CA,PE,Prince Edward Island,Squash Team Competition Male,9
https://cg2019.gems.pro/Result/ShowTeam.aspx?Team_GUID=74a871f9-b94a-4288-ace2-caa7c880e562&SetLanguage=en-CA,PE,Prince Edward Island,Speed Skating Short Track - Team Relay Male,5
https://cg2019.gems.pro/Result/ShowTeam.aspx?Team_GUID=7b244db0-e740-4fcc-ab52-e7fd1083a14a&SetLanguage=en-CA,PE,Prince Edward Island,Curling Female,7
https://cg2019.gems.pro/Result/ShowTeam.aspx?Team_GUID=a18442bf-b6fa-40e1-b3df-f8826690165e&SetLanguage=en-CA,PE,Prince Edward Island,Speed Skating Long Track - Team Pursuit Female,
https://cg2019.gems.pro/Result/ShowTeam.aspx?Team_GUID=f946adfa-2968-42fb-aae4-96847d5037ee&SetLanguage=en-CA,PE,Prince Edward Island,Gymnastics Artistic - Team Event Female,10
https://cg2019.gems.pro/Result/ShowTeam.aspx?Team_GUID=449fc74a-54dc-4ec5-be9f-f22faab8726e&SetLanguage=en-CA,PE,Prince Edward Island,Judo Team Competition Female,7
https://cg2019.gems.pro/Result/ShowTeam.aspx?Team_GUID=97e70aea-148d-417f-9033-6cd7541f1dd7&SetLanguage=en-CA,PE,Prince Edward Island,Table Tennis Team Male,9
https://cg2019.gems.pro/Result/ShowTeam.aspx?Team_GUID=92f45bf0-df7e-4ce4-b69b-f730aa37b074&SetLanguage=en-CA,PE,Prince Edward Island,Curling Male,10
https://cg2019.gems.pro/Result/ShowTeam.aspx?Team_GUID=798e5587-d33f-4a1d-9574-2d4e78c22b5f&SetLanguage=en-CA,PE,Prince Edward Island,Gymnastics Artistic - Team Event Male,9
https://cg2019.gems.pro/Result/ShowTeam.aspx?Team_GUID=bdd018c3-659e-476a-8b31-81c319eead39&SetLanguage=en-CA,PE,Prince Edward Island,Hockey Female,9
https://cg2019.gems.pro/Result/ShowTeam.aspx?Team_GUID=f26a5b99-bbc7-45c7-998b-a1526216be4b&SetLanguage=en-CA,PE,Prince Edward Island,Badminton Team Competition Mix,9
https://cg2019.gems.pro/Result/ShowTeam.aspx?Team_GUID=39798d68-13c3-46cd-acc3-97bbec955519&SetLanguage=en-CA,PE,Prince Edward Island,Speed Skating Long Track - Team Pursuit Male,
https://cg2019.gems.pro/Result/ShowTeam.aspx?Team_GUID=d814d990-8b57-4caf-bd31-6670f2b50abc&SetLanguage=en-CA,PE,Prince Edward Island,Hockey Male,9
https://cg2019.gems.pro/Result/ShowTeam.aspx?Team_GUID=bb8eb446-9aae-42a5-b844-38452aee5285&SetLanguage=en-CA,PE,Prince Edward Island,Table Tennis Doubles Female,
https://cg2019.gems.pro/Result/ShowTeam.aspx?Team_GUID=6a836939-bc7e-4a2c-9337-58b2d440c575&SetLanguage=en-CA,PE,Prince Edward Island,Speed Skating Short Track - Team Relay Female,
https://cg2019.gems.pro/Result/ShowTeam.aspx?Team_GUID=75720e1a-d4b7-44e3-b360-4674bb6a760a&SetLanguage=en-CA,Pothier/Shen,Nova Scotia,Badminton Doubles Female,
https://cg2019.gems.pro/Result/ShowTeam.aspx?Team_GUID=ba2b0c8d-5aa8-4c18-82a2-6d95e6ab3407&SetLanguage=en-CA,Pothier/White,Nova Scotia,Badminton Doubles Mix,17
https://cg2019.gems.pro/Result/ShowTeam.aspx?Team_GUID=b9710ab3-78e2-4a44-b917-41b0fc15d08a&SetLanguage=en-CA,PE,Prince Edward Island,Archery Compound - Team Mix,7
https://cg2019.gems.pro/Result/ShowTeam.aspx?Team_GUID=0ae9f5e6-e7d3-4b7d-a201-385b6926c343&SetLanguage=en-CA,PE,Prince Edward Island,Ringette Female,9
https://cg2019.gems.pro/Result/ShowTeam.aspx?Team_GUID=7e5fa23c-0f8e-4ee6-b277-655f990bce9f&SetLanguage=en-CA,Pelé/Portz,Alberta,Figure Skating Dance Pre-Novice Mix,Silver
https://cg2019.gems.pro/Result/ShowTeam.aspx?Team_GUID=b3990b04-7591-40c1-8a5d-2939b599b14e&SetLanguage=en-CA,Proud/Stirrat,British Columbia,Artistic Swimming Duet Female,5
https://cg2019.gems.pro/Result/ShowTeam.aspx?Team_GUID=8583f41f-cd74-4ef2-a563-cbeccd666151&SetLanguage=en-CA,QC,Quebec,Speed Skating Long Track - Team Pursuit Female,Gold
https://cg2019.gems.pro/Result/ShowTeam.aspx?Team_GUID=9e6b9510-a36d-4a12-ab6b-f181b1670f01&SetLanguage=en-CA,QC,Quebec,Gymnastics Trampoline - Team Mix,Gold
https://cg2019.gems.pro/Result/ShowTeam.aspx?Team_GUID=e96e6289-d4c9-4049-a9d0-b08d72da22a4&SetLanguage=en-CA,QC,Quebec,Archery Recurve - Team Mix,Gold
https://cg2019.gems.pro/Result/ShowTeam.aspx?Team_GUID=a9c45e26-1eab-4272-9265-cbd4e3813ded&SetLanguage=en-CA,QC,Quebec,Squash Team Competition Male,4
https://cg2019.gems.pro/Result/ShowTeam.aspx?Team_GUID=a1cd8395-b5d1-4b64-99e1-b231a910972e&SetLanguage=en-CA,QC,Quebec,Curling Male,9
https://cg2019.gems.pro/Result/ShowTeam.aspx?Team_GUID=0faf91f9-9c1b-4968-85cc-b4cbb6464f6f&SetLanguage=en-CA,QC,Quebec,Table Tennis Team Female,Bronze
https://cg2019.gems.pro/Result/ShowTeam.aspx?Team_GUID=8b899c57-deea-4dfc-91d4-749730676984&SetLanguage=en-CA,QC,Quebec,Wheelchair Basketball Mix,Bronze
https://cg2019.gems.pro/Result/ShowTeam.aspx?Team_GUID=00e5268a-eb4a-4186-a79d-b5e664a48480&SetLanguage=en-CA,QC,Quebec,Gymnastics Artistic - Team Event Female,Gold
https://cg2019.gems.pro/Result/ShowTeam.aspx?Team_GUID=afde80c0-4227-4f8b-bbf7-b8327c10d0fd&SetLanguage=en-CA,QC,Quebec,Table Tennis Team Male,Gold
https://cg2019.gems.pro/Result/ShowTeam.aspx?Team_GUID=4469325b-2a91-4944-b59f-77871a22a955&SetLanguage=en-CA,QC,Quebec,Squash Team Competition Female,4
https://cg2019.gems.pro/Result/ShowTeam.aspx?Team_GUID=0b064a88-a5eb-4f09-b366-8c1aa8fc8abf&SetLanguage=en-CA,QC,Quebec,Speed Skating Short Track - Team Relay Male,Gold
https://cg2019.gems.pro/Result/ShowTeam.aspx?Team_GUID=59018e86-7a7e-4243-b263-bc2c34da00e7&SetLanguage=en-CA,QC,Quebec,Archery Compound - Team Mix,Gold
https://cg2019.gems.pro/Result/ShowTeam.aspx?Team_GUID=8e88d9b1-a54a-4563-97bc-bb28bfd5ecf9&SetLanguage=en-CA,QC,Quebec,Badminton Team Competition Mix,Silver
https://cg2019.gems.pro/Result/ShowTeam.aspx?Team_GUID=a2597521-065b-45b4-9fa6-64e965482693&SetLanguage=en-CA,QC,Quebec,Table Tennis Doubles Male,Gold
https://cg2019.gems.pro/Result/ShowTeam.aspx?Team_GUID=4a11491c-c4bd-4ab1-980e-8719d9b0febe&SetLanguage=en-CA,QC,Quebec,Biathlon 3 x 6 km Relay Female,Silver
https://cg2019.gems.pro/Result/ShowTeam.aspx?Team_GUID=2202d7ab-39ad-4153-aaf6-683bea99a896&SetLanguage=en-CA,QC,Quebec,Gymnastics Trampoline - Synchro Male,Gold
https://cg2019.gems.pro/Result/ShowTeam.aspx?Team_GUID=829ae5f4-6527-4456-a586-8fca84814f04&SetLanguage=en-CA,QC,Quebec,Gymnastics Artistic - Team Event Male,Silver
https://cg2019.gems.pro/Result/ShowTeam.aspx?Team_GUID=80d557ba-7577-46a3-a889-910e574a2056&SetLanguage=en-CA,QC,Quebec,Table Tennis Doubles Mix,Gold
https://cg2019.gems.pro/Result/ShowTeam.aspx?Team_GUID=22942e16-5838-43a2-8fa1-7be6755b63c1&SetLanguage=en-CA,QC,Quebec,Artistic Swimming Team Female,Silver
https://cg2019.gems.pro/Result/ShowTeam.aspx?Team_GUID=14b54b13-2872-4dc9-8a94-67ab39e751e6&SetLanguage=en-CA,QC,Quebec,Judo Team Competition Male,Gold
https://cg2019.gems.pro/Result/ShowTeam.aspx?Team_GUID=a2b11747-7bdf-43d3-9fd1-554ed456864e&SetLanguage=en-CA,QC,Quebec,Gymnastics Trampoline - Synchro Female,Bronze
https://cg2019.gems.pro/Result/ShowTeam.aspx?Team_GUID=8dea8f87-5f46-4bbf-8b3a-56a590be65ef&SetLanguage=en-CA,QC,Quebec,Table Tennis Doubles Female,Bronze
https://cg2019.gems.pro/Result/ShowTeam.aspx?Team_GUID=a63d7f00-94e8-4547-a5df-4b1490eaa79f&SetLanguage=en-CA,QC,Quebec,Speed Skating Short Track - Team Relay Female,Gold
https://cg2019.gems.pro/Result/ShowTeam.aspx?Team_GUID=bae1a157-bdcb-433e-88a5-19dc36e7c546&SetLanguage=en-CA,QC,Quebec,Hockey Female,Silver
https://cg2019.gems.pro/Result/ShowTeam.aspx?Team_GUID=d75fdbf6-4142-4c4c-b532-080c5fab9d17&SetLanguage=en-CA,QC,Quebec,Speed Skating Long Track - Team Pursuit Male,Silver
https://cg2019.gems.pro/Result/ShowTeam.aspx?Team_GUID=2a9b9d52-7ef2-4c98-9a29-4c239963b975&SetLanguage=en-CA,QC,Quebec,Curling Female,8
https://cg2019.gems.pro/Result/ShowTeam.aspx?Team_GUID=fd42e7c0-6e0e-4934-9345-40ee34f7a983&SetLanguage=en-CA,QC,Quebec,Judo Team Competition Female,Bronze
https://cg2019.gems.pro/Result/ShowTeam.aspx?Team_GUID=b071ad40-248e-4a63-8394-6b444b9086d2&SetLanguage=en-CA,QC-A,Quebec,Cross Country Skiing Relay Mix,Silver
https://cg2019.gems.pro/Result/ShowTeam.aspx?Team_GUID=561cef53-ef79-4779-9d44-3a45eaf5d483&SetLanguage=en-CA,QC,Quebec,Biathlon 3 x 7.5 km Relay Male,Gold
https://cg2019.gems.pro/Result/ShowTeam.aspx?Team_GUID=910f90ad-09ff-4438-b780-5ab3fc4d35a0&SetLanguage=en-CA,QC-B,Quebec,Cross Country Skiing Relay Mix,6
https://cg2019.gems.pro/Result/ShowTeam.aspx?Team_GUID=012461da-3d17-4bdf-bb2b-69bcbba8fcf0&SetLanguage=en-CA,Rogers/Morrissey,New Brunswick,Badminton Doubles Mix,17
https://cg2019.gems.pro/Result/ShowTeam.aspx?Team_GUID=5c01c2e2-990a-48d3-9ca3-4f21c6b7d52c&SetLanguage=en-CA,QC,Quebec,Ringette Female,Gold
https://cg2019.gems.pro/Result/ShowTeam.aspx?Team_GUID=b85548eb-be50-4d52-97ed-2bac3f06213f&SetLanguage=en-CA,QC,Quebec,Hockey Male,Gold
https://cg2019.gems.pro/Result/ShowTeam.aspx?Team_GUID=c05d3398-15a3-4e1a-a3d9-b501dd339f2f&SetLanguage=en-CA,Schmitz/Taylor,Saskatchewan,Figure Skating Pairs Pre-Novice Mix,Bronze
https://cg2019.gems.pro/Result/ShowTeam.aspx?Team_GUID=0a0dec28-915d-41eb-ba6c-4c4a2014a622&SetLanguage=en-CA,Rogers/Skinner,New Brunswick,Badminton Doubles Female,9
https://cg2019.gems.pro/Result/ShowTeam.aspx?Team_GUID=ed39826a-034d-47a2-a545-90ee1f9b7654&SetLanguage=en-CA,Senthilkumaran/Sinclair,Manitoba,Badminton Doubles Female,9
https://cg2019.gems.pro/Result/ShowTeam.aspx?Team_GUID=98396817-a3c9-48be-8aaa-1f2cda71ec26&SetLanguage=en-CA,Ronahan/Yuan,Prince Edward Island,Badminton Doubles Male,17
https://cg2019.gems.pro/Result/ShowTeam.aspx?Team_GUID=2ae7e31a-30da-407b-bc4b-6d34949dc232&SetLanguage=en-CA,Simpson/Young,Newfoundland and Labrador,Badminton Doubles Mix,17
https://cg2019.gems.pro/Result/ShowTeam.aspx?Team_GUID=f7ff38ce-a03e-4e9a-bc04-d3148d04237a&SetLanguage=en-CA,SK,Saskatchewan,Biathlon 3 x 6 km Relay Female,5
https://cg2019.gems.pro/Result/ShowTeam.aspx?Team_GUID=866c0e26-498e-4fcf-8520-cdf15333be27&SetLanguage=en-CA,SK,Saskatchewan,Speed Skating Short Track - Team Relay Female,6
https://cg2019.gems.pro/Result/ShowTeam.aspx?Team_GUID=f1f5e455-bd97-456b-bc0e-a0f75d1749c3&SetLanguage=en-CA,SK,Saskatchewan,Table Tennis Doubles Mix,7
https://cg2019.gems.pro/Result/ShowTeam.aspx?Team_GUID=9001bc4d-e919-4c02-9649-d521b2e8118c&SetLanguage=en-CA,SK,Saskatchewan,Biathlon 3 x 7.5 km Relay Male,5
https://cg2019.gems.pro/Result/ShowTeam.aspx?Team_GUID=a8f820e2-37db-441c-b2c7-a13b2d04819a&SetLanguage=en-CA,SK,Saskatchewan,Hockey Male,4
https://cg2019.gems.pro/Result/ShowTeam.aspx?Team_GUID=a5eaa5e5-db10-43d4-9c96-983f8a0d955b&SetLanguage=en-CA,SK,Saskatchewan,Curling Male,8
https://cg2019.gems.pro/Result/ShowTeam.aspx?Team_GUID=a7be6856-0681-4a31-b0e4-c67e2b317bf8&SetLanguage=en-CA,SK,Saskatchewan,Speed Skating Long Track - Team Pursuit Male,4
https://cg2019.gems.pro/Result/ShowTeam.aspx?Team_GUID=dd4709b4-0250-4b28-97b2-bf08765e9820&SetLanguage=en-CA,SK,Saskatchewan,Curling Female,6
https://cg2019.gems.pro/Result/ShowTeam.aspx?Team_GUID=a0e595fd-6f74-487b-a54e-0be3aab99f9a&SetLanguage=en-CA,SK,Saskatchewan,Badminton Team Competition Mix,8
https://cg2019.gems.pro/Result/ShowTeam.aspx?Team_GUID=1680b453-cb63-4f8a-9dfb-c8c12fdb1998&SetLanguage=en-CA,SK,Saskatchewan,Table Tennis Doubles Female,5
https://cg2019.gems.pro/Result/ShowTeam.aspx?Team_GUID=9395f4ed-7af1-4ca3-9414-c9087a826054&SetLanguage=en-CA,SK,Saskatchewan,Gymnastics Trampoline - Synchro Female,Gold
https://cg2019.gems.pro/Result/ShowTeam.aspx?Team_GUID=d1e5bbb3-b8a0-4fea-81a3-16f94dc53755&SetLanguage=en-CA,SK,Saskatchewan,Archery Recurve - Team Mix,Silver
https://cg2019.gems.pro/Result/ShowTeam.aspx?Team_GUID=26fa6a08-9988-4267-8263-14c547efb545&SetLanguage=en-CA,SK,Saskatchewan,Gymnastics Artistic - Team Event Female,5
https://cg2019.gems.pro/Result/ShowTeam.aspx?Team_GUID=7576b8e5-cecc-4e0a-a9bf-213ad8882f6a&SetLanguage=en-CA,SK,Saskatchewan,Judo Team Competition Female,5
https://cg2019.gems.pro/Result/ShowTeam.aspx?Team_GUID=4ffa080f-c3e7-4c7b-b6d1-636f26f5894e&SetLanguage=en-CA,SK,Saskatchewan,Table Tennis Doubles Male,5
https://cg2019.gems.pro/Result/ShowTeam.aspx?Team_GUID=7cf4019f-6a4b-4044-9ba6-0d0371ac33c7&SetLanguage=en-CA,SK,Saskatchewan,Hockey Female,6
https://cg2019.gems.pro/Result/ShowTeam.aspx?Team_GUID=839e089a-00f6-4e75-8c88-31e88acc0e77&SetLanguage=en-CA,SK,Saskatchewan,Table Tennis Team Female,5
https://cg2019.gems.pro/Result/ShowTeam.aspx?Team_GUID=d3e2ccb4-104b-431e-9362-331bbd86be25&SetLanguage=en-CA,SK,Saskatchewan,Archery Compound - Team Mix,Bronze
https://cg2019.gems.pro/Result/ShowTeam.aspx?Team_GUID=07d4ed8b-33ee-478f-9bbf-6babaaab6d7f&SetLanguage=en-CA,SK,Saskatchewan,Table Tennis Team Male,7
https://cg2019.gems.pro/Result/ShowTeam.aspx?Team_GUID=c7b776a2-9146-4f45-ac70-3ff54201a098&SetLanguage=en-CA,SK,Saskatchewan,Ringette Female,8
https://cg2019.gems.pro/Result/ShowTeam.aspx?Team_GUID=1a5a6e5e-4498-4baa-ba81-3ebfe65ff37c&SetLanguage=en-CA,SK,Saskatchewan,Squash Team Competition Male,6
https://cg2019.gems.pro/Result/ShowTeam.aspx?Team_GUID=6ab3140d-9183-41b7-af46-6bdfb5d93e52&SetLanguage=en-CA,SK,Saskatchewan,Judo Team Competition Male,5
https://cg2019.gems.pro/Result/ShowTeam.aspx?Team_GUID=dc46ede3-8a35-48f5-bfb2-5a852d8eab52&SetLanguage=en-CA,SK,Saskatchewan,Artistic Swimming Team Female,5
https://cg2019.gems.pro/Result/ShowTeam.aspx?Team_GUID=a761c51d-ff82-4e60-bfd2-e9dbf540b003&SetLanguage=en-CA,SK,Saskatchewan,Speed Skating Long Track - Team Pursuit Female,6
https://cg2019.gems.pro/Result/ShowTeam.aspx?Team_GUID=f54ba8ad-ea39-48a4-9e3d-ec7c2d95b179&SetLanguage=en-CA,SK,Saskatchewan,Squash Team Competition Female,5
https://cg2019.gems.pro/Result/ShowTeam.aspx?Team_GUID=f4b2e7ab-c991-4752-9bb4-e1f01f9effe9&SetLanguage=en-CA,SK,Saskatchewan,Wheelchair Basketball Mix,5
https://cg2019.gems.pro/Result/ShowTeam.aspx?Team_GUID=41a51fd5-43cf-4fed-ac89-5f1e9be7b28c&SetLanguage=en-CA,SK-B,Saskatchewan,Cross Country Skiing Relay Mix,17
https://cg2019.gems.pro/Result/ShowTeam.aspx?Team_GUID=2294ac1c-ab96-43ba-9b3d-8d678e186ee8&SetLanguage=en-CA,Spott/Whitten,Ontario,Artistic Swimming Duet Female,Bronze
https://cg2019.gems.pro/Result/ShowTeam.aspx?Team_GUID=1f9c0ad4-0cd9-424b-a420-f6942d25b5d7&SetLanguage=en-CA,SK,Saskatchewan,Gymnastics Artistic - Team Event Male,4
https://cg2019.gems.pro/Result/ShowTeam.aspx?Team_GUID=e3b9f7f5-52fb-49b9-81a0-e6be37392d56&SetLanguage=en-CA,SK,Saskatchewan,Speed Skating Short Track - Team Relay Male,8
https://cg2019.gems.pro/Result/ShowTeam.aspx?Team_GUID=1446271d-c82a-4e55-a7ec-df56cf3386d3&SetLanguage=en-CA,Sohani/Sohani,Saskatchewan,Badminton Doubles Male,5
https://cg2019.gems.pro/Result/ShowTeam.aspx?Team_GUID=7f6db2c4-8d7c-4e45-8d13-bea81ec169a0&SetLanguage=en-CA,SK-A,Saskatchewan,Cross Country Skiing Relay Mix,12
https://cg2019.gems.pro/Result/ShowTeam.aspx?Team_GUID=2aefe338-6883-446a-bdb4-2a60ef211e18&SetLanguage=en-CA,Wang/Wadia,Alberta,Badminton Doubles Mix,Silver
https://cg2019.gems.pro/Result/ShowTeam.aspx?Team_GUID=7f5b99ab-b7de-4bc8-a141-bf5ab9fc6de9&SetLanguage=en-CA,Wilberforce/Wright,Ontario,Figure Skating Pairs Pre-Novice Mix,Gold
https://cg2019.gems.pro/Result/ShowTeam.aspx?Team_GUID=c825650d-9f08-4351-b8d1-05fd52a2bb23&SetLanguage=en-CA,YT,Yukon,Hockey Female,12
https://cg2019.gems.pro/Result/ShowTeam.aspx?Team_GUID=779527df-33d2-43c2-91b5-0e7c6435ea5d&SetLanguage=en-CA,YT,Yukon,Hockey Male,13
https://cg2019.gems.pro/Result/ShowTeam.aspx?Team_GUID=5bc5a88d-f19a-4960-958e-14abd4cfcfc9&SetLanguage=en-CA,YT,Yukon,Archery Compound - Team Mix,4
https://cg2019.gems.pro/Result/ShowTeam.aspx?Team_GUID=ebc62000-1d0d-4f4c-a36d-87ac75903e92&SetLanguage=en-CA,YT,Yukon,Biathlon 3 x 7.5 km Relay Male,6
https://cg2019.gems.pro/Result/ShowTeam.aspx?Team_GUID=c03067da-cdaa-4a0c-a5e3-88a3dbb82447&SetLanguage=en-CA,YT,Yukon,Table Tennis Doubles Mix,9
https://cg2019.gems.pro/Result/ShowTeam.aspx?Team_GUID=1fa4a50c-5d97-40f6-a035-1907239894a1&SetLanguage=en-CA,YT,Yukon,Biathlon 3 x 6 km Relay Female,
https://cg2019.gems.pro/Result/ShowTeam.aspx?Team_GUID=d36ace01-53ee-407f-bea4-2a91235e51cc&SetLanguage=en-CA,YT,Yukon,Table Tennis Doubles Female,11
https://cg2019.gems.pro/Result/ShowTeam.aspx?Team_GUID=c8ea5ffa-cc36-4c35-aaa7-1e403ea8cb75&SetLanguage=en-CA,YT,Yukon,Judo Team Competition Female,
https://cg2019.gems.pro/Result/ShowTeam.aspx?Team_GUID=1d798702-922a-4259-91f0-1949bee31d67&SetLanguage=en-CA,YT,Yukon,Table Tennis Doubles Male,12
https://cg2019.gems.pro/Result/ShowTeam.aspx?Team_GUID=83fa61da-a88e-4450-95f7-f7e60ad03382&SetLanguage=en-CA,YT,Yukon,Judo Team Competition Male,9
https://cg2019.gems.pro/Result/ShowTeam.aspx?Team_GUID=9b319e68-2b22-42e6-a02b-271e816c74ad&SetLanguage=en-CA,YT,Yukon,Speed Skating Short Track - Team Relay Male,
https://cg2019.gems.pro/Result/ShowTeam.aspx?Team_GUID=c78450ba-e67c-41b2-bfe3-357bbb891751&SetLanguage=en-CA,YT,Yukon,Squash Team Competition Male,12
https://cg2019.gems.pro/Result/ShowTeam.aspx?Team_GUID=490475df-1792-4227-b316-cda494330e37&SetLanguage=en-CA,YT,Yukon,Gymnastics Artistic - Team Event Male,
https://cg2019.gems.pro/Result/ShowTeam.aspx?Team_GUID=b9cdb9ce-d9cc-48ff-b2a4-959f692668e9&SetLanguage=en-CA,YT,Yukon,Archery Recurve - Team Mix,9
https://cg2019.gems.pro/Result/ShowTeam.aspx?Team_GUID=9b6e5590-caff-432e-b579-c7fd6312f9c2&SetLanguage=en-CA,YT,Yukon,Gymnastics Artistic - Team Event Female,
https://cg2019.gems.pro/Result/ShowTeam.aspx?Team_GUID=0a349437-dfef-409b-ab91-b4c2cd9ea87d&SetLanguage=en-CA,YT,Yukon,Table Tennis Team Female,11
https://cg2019.gems.pro/Result/ShowTeam.aspx?Team_GUID=6a853910-51ac-4fb6-9359-ac67b3786e1d&SetLanguage=en-CA,YT,Yukon,Speed Skating Short Track - Team Relay Female,
https://cg2019.gems.pro/Result/ShowTeam.aspx?Team_GUID=aac6432e-bedf-465d-9949-923329b13f2d&SetLanguage=en-CA,YT,Yukon,Table Tennis Team Male,12
https://cg2019.gems.pro/Result/ShowTeam.aspx?Team_GUID=10cfe32d-15b0-4f43-bb93-cde95145c420&SetLanguage=en-CA,YT,Yukon,Badminton Team Competition Mix,11
https://cg2019.gems.pro/Result/ShowTeam.aspx?Team_GUID=eb9b11d4-7f69-4963-8b58-8a5dffb66ca3&SetLanguage=en-CA,YT-A,Yukon,Cross Country Skiing Relay Mix,4
https://cg2019.gems.pro/Result/ShowTeam.aspx?Team_GUID=140a6546-e5a5-4041-a16e-1134aaafcb2b&SetLanguage=en-CA,YT-B,Yukon,Cross Country Skiing Relay Mix,8
https://cg2019.gems.pro/Result/ShowTeam.aspx?Team_GUID=dc49922e-8a86-4dcb-88c8-9d55f58e35a3&SetLanguage=en-CA,Zheng/Zhu,Prince Edward Island,Badminton Doubles Mix,33
